"og nebula , an american classic perfect for and headaches crossed with , a tha "
  staying on top of your mental and recognizing is crucial if you have 
 blog for a depressed mother as a child and a depressed spouse as an adult 
" | are you okay? | id like to ask anyone whos struggling right now, are you okay? "
"  thank you so much,  your book left a lasting impression on my hea beautiful! ~ "
  ketamines antidepressant effects tied to opioid system in the brain discovered th
"  yang toxic ,to all survivors and all of people that keep supporting us to heal and recover till t"
  a book that tears at your heartstrings and fills you with awe at the courage! 
a poem about a prize fighter who searches for self-value through glory  
fallons thoughts its ok  
im so bored my mood is in the dumpster this morning will someone entertain me plz? 
"  if you see someone struggling with , , or any other issues, suppo them"
sta the conversations share jesus speak of his love reflect on hope  
 a book that tears at your heartstrings and fills you with awe at the courage! 
staying on top of your mental and recognizing is crucial if you have 
  what does it mean to standardize care in ? our integrated care pathways icp approach uses evidence-based
"  in youth growing day by day,needs to be addressedurge youth to share their problems, initiate healthy disc"
heres what can do to your body 
  today for me its leaving the house &amp
  a recent study in finds that resistance training such as weight lifting and bodyweight exercises have been li
  are you struggling? it may be time to consider talking to someone about your or  
  ketamines antidepressant effects tied to opioid system in the brain discovered th
"  before you blame someone who is suicidal, please watch this video and read this thread "
this  
"  before you blame someone who is suicidal, please watch this video and read this thread "
"  depression can affect your sleep, appetite, physical &amp; more - find out what could be causing it "
"  playing in the is tough, but playing with &amp; is tougher opened up on "
keep battling  
  what does it mean to standardize care in ? our integrated care pathways icp approach uses evidence-based
"  tender and deeply movingthis is a beautiful story, at times aching, and filled with compassion and pathos"
ketamine for depression may contribute to opioid dependence  
the gave approval to compass pathways supported by for looking at assis 
are you a lady who is fed up of struggling with and ?appointments available on a monday morning 
were doing our nd scope of the big apple starting /09/18! its coming round fast and were getting more and mor 
"i dont usually wear makeup because i have really bad allergies today i wanted to put on make up, really do my hai "
"  i felt as if debbie was a friend, giving me tools to move out of the fog lili  "
  pa  score for august th 45 am  me     lack of
"  heres chapter of my new book, the rungs on the ladder, or at least the first pages! you can get the rest on -"
games your brain plays - the best brain possible  
  depression - inside 
  exhaustion from mental illness 
"  check on someone today, give someone a hug, be kind be the reason someones day is better than yesterday "
woke up feeling i am sick and tired of feeling like thismy has consumed me and its only going to get worse
the neural underpinnings of ketamine as an effective therapeutic for - 
"dont just for your , pastoral family &amp; leaders, get involved put your to the plow le "
why are and on the rise? our environments have changed our food our stress our relationshi 
individualized homeopathic treatment is associated with response to treatment in climacteric women wit 
exciting complication to s story receptors seem to be involved in drugs action on  
"playing in the is tough, but playing with &amp; is tougher opened up on "
latest post  removing the quotient being less affected and more effective | 
  new draft recommendations advocate that physicians should screen women and new moms to identify those who are at
 has a number of causesits doesnt always care who you are or how cool your life might seem otherw 
"the benefits of self-care dont always kick in immediately, be sure to stick with it and the gradual changes will b "
day101 you dont have to go through it alone  
new draft recommendations advocate that physicians should screen women and new moms to identify those who 
"  john  29 jesus answered, the work of god is this to believe in the one he has sent 35 then jesus declared, i am"
 we are to offer  
at this point in time in my life i want to say i want to continue fighting harder against my which is m 
  thanks for sharing this 
check out beautifully poetic interview with on where they discuss the 
  we have a number of opportunities in the area of  find them here and apply 
"  i highly recommend the podcast, whether youve eerienced yourself or know someo"
  one of the talks at day will be about the use of and brain stimulation therapies during pre
" can feel like youre in a dark cocoon with no way out, until  "
  ketamines antidepressant effects tied to opioid system in the brain discovered th
just published repairing a beautiful life damaged by by  
"  there are a wide selection of self-help guides on our website, including information leaflets on , "
  pa  score for august th 45 am  me     lack of
  it will get better t
rememberthe world is so much bigger than your brain  
"  i highly recommend the podcast, whether youve eerienced yourself or know someo"
  education is a vital component in combatting stigma depression does not mean weakness anxiety does not mean fear schizophre
relates to complex and transmuting trauma across generations infant white matter tied to maternal 
pa  score for august th 45 am  me     lac 
  ketamine for depression may contribute to opioid dependence 
"  is sometimes referred to as the black dog just like a real dog, it needs to be embraced, understood, taught new tri"
"the integrity of the gut lining may be compromised, contributing to gut permeability leaky gut that may be suf "
"  i felt as if debbie was a friend, giving me tools to move out of the fog lili  "
"  world full of people, i still feel alone "
"i felt as if debbie was a friend, giving me tools to move out of the fog lili  "
"  i highly recommend the podcast, whether youve eerienced yourself or know someo"
"suppo this, but wonder why it took so long to make clear what should be an automatic assessment uspstf prevent "
"  i highly recommend the podcast, whether youve eerienced yourself or know someo"
  in the of a  - watch the video at 
"  i highly recommend the podcast, whether youve eerienced yourself or know someo"
one day you will catch your dreams  
it will get better 
how would you wish others to respond if you let them know youre struggling? 
"if you or someone you know its struggling with being a new parent, if you feel like youre on the edge of maternal "
  you are already that which you seek eyesight to the blind available now https
  eyesight to the blind you are already that which you seek now on kindle you dont have to be
npe radio &amp
"  i highly recommend the podcast, whether youve eerienced yourself or know someo"
  started a new blog website will put first post up tomorrow on my personal struggle and what ive been through 
"happy to answer your questions re my happily managed now treatment resistant , , and past "
  r/t because everyone is special &amp
"when church leaders struggle w/ , society as a whole has a problem religious groups - esp - "
  in the of a  - watch the video at 
  ketamines antidepressant effects tied to opioid system in the brain discovered th
"  based on money printing strategy predictions , is eected to go lower in sympathy with an"
"wow after all these years of doing and being so many things on this list, its because of anxiety?! "
"  is a common disorder, characterized by persistent sadness and a loss of interest in activities that you"
in the of a  - watch the video at 
"  is treatable, with talking therapies or medication or a combination of these "
  what are the symptoms of ? 
"  is sometimes referred to as the black dog just like a real dog, it needs to be embraced, understood, taught new tri"
even pastors struggleand struggle hard! 
"  yang toxic ,to all survivors and all of people that keep supporting us to heal and recover till t"
  brilliant video depicting depression as the black dog  https
"  about % of fathers require treatment for , thats less than the -15% of mothers, but still a ver"
  scientific proof is out there! session developing chns knowledge of significantly reduces 
  youre a winner todays smile goal embrace your small victories suppo me making these comics at 
"give me space, so i could know whats next have been so scared and stressed no matter how depressed, just give me "
hitting bottomreaching for helptransformingascendingits amazing where your healing journey can take yo 
scientific proof is out there! session developing chns knowledge of significantly reduces 
"  yang toxic ,to all survivors and all of people that keep supporting us to heal and recover till t"
  on sunday im dressed as to celebrate my continued recovery from &amp
"  yang toxic ,to all survivors and all of people that keep supporting us to heal and recover till t"
"  in youth growing day by day,needs to be addressedurge youth to share their problems, initiate healthy disc"
im going to commit suicide theres no point to my life anymore!  
  females with get it worse than others i think lol all the extra moods and hormones are bad enough but chuck in a bit of
  shutting down myths about depression 
children and young people via  
  started a new blog website will put first post up tomorrow on my personal struggle and what ive been through 
  dont be alone follow us 
started a new blog website will put first post up tomorrow on my personal struggle and what ive been through  
  youre a winner todays smile goal embrace your small victories suppo me making these comics at 
  we have a number of opportunities in the area of  find them here and apply 
the worst thing you can say to someone with - straight from hundreds of people with depression 
take a look at our map to find out where we are!   
", , other mental distress may increase hea attack, risk in adults over - "
"  results equivalent to cbt for , but emdr exceeded cbt to the proportion in terms of patients considered to be i"
  emotional problems are common in but they are treatable! talk to ur clinician about inappropriate
 shawn!!! 
  how can affect ur  
" is real check on friends, family members, ex colleagues and those struggling with one ailment or the other"
  womens may alter the wiring of  brains via 
 ask of someone today spread light and positive vibes 
depression and the return of the black dog 
"nfl players are seen as bastions of strength and determination, but many of them face battle personal issues behind "
"  its bad that there is a stigma against , says swimmer roanne ho no one wants to talk about it"
"  i felt as if debbie was a friend, giving me tools to move out of the fog lili "
"  yang toxic ,to all survivors and all of people that keep supporting us to heal and recover till t"
  a can make u healthier!&gt
  dont be alone follow us 
females with get it worse than others i think lol all the extra moods and hormones are bad enough but chuck i 
the depression with bipolar is so much more than feeling down or having the blues i wish people understood that 
 womens may alter the wiring of  brains via 
"  is sometimes referred to as the black dog just like a real dog, it needs to be embraced, understood, taught new tri"
"  if you see someone struggling with , , or any other issues, suppo them"
"  is sometimes referred to as the black dog just like a real dog, it needs to be embraced, understood, taught new tri"
  out now!!!!!therealalexander - take it away [lucid dreams remix] prod by vdvm |  |
  worried about the future? !there is a lot that you can do to keep mentally strong if you feel that you may be heading f
  it is more than a love story
"  its bad that there is a stigma against , says swimmer roanne ho no one wants to talk about it"
does floatation therapy reduces symptoms of anxiety and depression? find out here  
"  its bad that there is a stigma against , says swimmer roanne ho no one wants to talk about it"
  how do you strike the balance? do you find joy in routines or do you find it stifling find tips and suppo for living your
"  while developing &amp; fostering a healthy does not guarantee good mental or physical health, it can offer prote"
"i highly recommend the podcast, whether youve eerienced yourself or know "
  panel doctors should focus on preventing in and women and how can help 
leaders &amp
"whether its a friend, family member or work colleague, can you spot when someone is showing signs of depressionw "
uspstf draft statement women at risk for perinatal should receive counseling 
  receptors are implicated in ketamines acute antidepressant effects in adults w/ treatment-resistant 
  not just study publication bias our editorial on the cumulative effect of biases on the apparent efficacy of treatme
"  is sometimes referred to as the black dog just like a real dog, it needs to be embraced, understood, taught new tri"
  emotional problems are common in but they are treatable! talk to ur clinician about inappropriate
"  tender and deeply movingthis is a beautiful story, at times aching, and filled with compassion and pathos"
"   share the signs of , encourage people to get screened "
  ketamine for depression may contribute to opioid dependence 
"  were working hard on all our resources! if interested in our mindful workbooks, blog or sessions hit like or retweet us "
"most consider a selfish act by the deceased actually, they were selfless; in taking care "
"  after i became a doctor, i practiced in the military for years heres what i learned from a few german physicians dur"
  new research shows that effects of may be partly tied to its effects on the system in th
"  yang toxic ,to all survivors and all of people that keep supporting us to heal and recover till t"
what stage of will keep the thai boys soccer team from having lasting effects? dr ben 
what does it mean to standardize care in ? our integrated care pathways icp approach uses evide 
  depression and anxiety in middle age can increase risk of hea disease and stroke  
"recovering from burnout, and pnd an a-z "
opinion bitten by the black dog that suppresses the will to survive via 
"while developing &amp; fostering a healthy does not guarantee good mental or physical health, it can offer p "
"  exercise fights fatigue and in patients, study reveals - "
"i woke up thinking maybe i could figure out a plan for the daybut heres my depression, ready to take overso ba "
what if ketamine actually works like an opioid? | | 
did you know that offers a range of therapies to help with and ? their team of 
warming temperatures could increase suicide rates across the us and mexico  
ketamine for depression may contribute to opioid dependence  
ketamine for depression may contribute to opioid dependence  
dont be alone follow us  
ketamine for depression may contribute to opioid dependence  
ketamine for depression may contribute to opioid dependence  
ketamine for depression may contribute to opioid dependence 
  dont hide to stand up &amp
"  treatment of clinical with -assisted psychotherapy seems to correct pessimism in patients, enab"
suppo &amp
holdonpainends 
"  the us preventive services task force recommends that screen pregnant women &amp; new moms for depression, so the"
  about in will become depressed during or after  new draft recommendations from the 
 and has taught me how strong i can be 
"smoking, depression in parents linked with adhd in children | | "
"a life is built on pleasures such as sex and food, but also company and variety morten kringelbach on th "
  do you find that your mood is low for large periods of the day and you generally feel down in the dumps? has your motivatio
youre not alone in this battle with and  via 
how to spot the signs of depression  
"  yang toxic ,to all survivors and all of people that keep supporting us to heal and recover till t"
"  is sometimes referred to as the black dog just like a real dog, it needs to be embraced, understood, taught new tri"
 and dont have to be your destiny via 
domestic abuse survivors = mental trauma = depression if left untreated  
  we have a number of opportunities in the area of  find them here and apply 
  as little as minutes of can prevent  
depression in the news
  we have a number of opportunities in the area of  find them here and apply 
being a doesnt insulate us from or thoughts via 
maternal can impact babys physical and via 
new research shows that effects of may be partly tied to its effects on the syste 
it is beyond sadness at least thats how it was for me you or someone you love may feel it differently 
vexl33t - have faitha &amp
do you find that your mood is low for large periods of the day and you generally feel down in the dumps? has your 
 and arent due to a lack of faith or not praying enough via 
discover stories from real people living with at -- the health 
"most people go through periods of feeling down, but when youre depressed you feel persistently sad for weeks or mo "
 and has taught me who my real friends are 
chick doing my treatment plan do you have any friends that arent family?me nochick family arent friendsme 
  we should be having the conversation surrounding all the time we can overcome mental health barriers and e
"check on someone today, give someone a hug, be kind be the reason someones day is better than yesterday  "
  can be diagnosed with a blood test?it may be closer than you think a team of researchers across canada a
"for some of us, anxiety and depression is just something we live with sometimes feeling not okay is okay don "
  we should be having the conversation surrounding all the time we can overcome mental health barriers and e
  we have a number of opportunities in the area of  find them here and apply 
  blokes killed themselves in the uk today more will tomorrow and the day after help us change that - 
today is a bad day glad im going to counselling tomorrow think i will just switch today off 
wish i was there again its very healing 
evidence that gardening is beneficial for depression  
what things did you do to remind you to take your or or meds when you were young?
"  life it can be really, stinkin hard sometimes, right? when your situation gets really toughyou just cant find happine"
a great eloring our inner worlds! s latest issue is all about and how they affect us 
how do you keep motivated to exercise when you are depressed? here i reflect on a recent eerience  
loneliness darkness hopelessness those words describe the environment of  from the dark si 
"  ivy watts began her blog, , to reach out to people dealing w/anxiety &amp;  we are so excited to w"
"results equivalent to cbt for , but emdr exceeded cbt to the proportion in terms of patients considered "
"panel doctors should focus on preventing depression in pregnant women, new moms , "
are you -  
"  finally curating my photos from nanning, china! many thanks again to my generous hosts at the china-asean psychiatry forum -"
chatbots are being taught to assist people in dealing with mental health issues such as anxiety and depression th 
  we have a number of opportunities in the area of  find them here and apply 
   us preventive services task force recommends physicians should screen women and new m
"  its bad that there is a stigma against , says swimmer roanne ho no one wants to talk about it"
  mental illness - 
"  is sometimes referred to as the black dog just like a real dog, it needs to be embraced, understood, taught new tri"
feel really broken this intensity remind me of my childhood like being eaten alive by ones own emotionsi am g 
"who likes to be a pa of something before the general public?are you an that deals with , "
  i lost my job due to my illnesses t
  threadi had the whole of my life then i went with absolutely everyone i knew i also ga
  the good news and bad news about this treatment drug 
  a preventative approach for depression 
  symptoms out of control? you may qualify for local research studies receive study medication or placebo at no
we should be having the conversation surrounding all the time we can overcome mental health barriers 
"  yang toxic ,to all survivors and all of people that keep supporting us to heal and recover till t"
i just realize people dont know the main cause of  people commit suicide left right ad centre and we d 
"  and dont go hand in hand, but it can seem like they do heres why http"
  a substantial number of individuals have long-lasting adverse effects from a traumatic brain injury is
  it is more than a love story
  it is more than a love story
check out my buddy s new  he opens up about how the past month has been a rough one me 
  it is more than a love story
  thanks for sharing this 
  us preventive services task force recommends physicians should screen women and 
loneliness darkness hopelessness those words describe the environment of  from the dark si 
"  npr , a promising treatment, seems to act like an  "
it is hard to live when its still there 
"  is sometimes referred to as the black dog just like a real dog, it needs to be embraced, understood, taught new tri"
"if you are suffering with depression and thoughts of suicide, please know that you are not alone please reach out "
   
"  yang toxic ,to all survivors and all of people that keep supporting us to heal and recover till t"
  we have a number of opportunities in the area of  find them here and apply 
learn from us 
  it is more than a love story
new  i open up about hos the past month has been a rough one mentally read it here 
"rough daytough dayexhausting had enough day;anxious tearful angry day,empty-hearted sad day;today is just a si "
it is more than a love story
  youre a winner todays smile goal embrace your small victories suppo me making these comics at 
  a substantial number of individuals have long-lasting adverse effects from a traumatic brain injury is
  hockey has a concussion problem it just doesnt want to admit it at least nhl commissioner gary bettman wont l
  the depression discussionstm | steve woodruff and catherine morgan via &lt
how do you cope with 
part1 of my conversation with about is now on my page we discuss what ha 
  dont hide to stand up &amp
  receptors are implicated in ketamines acute antidepressant effects in adults w/ treatment-resistant 
  we have a number of opportunities in the area of  find them here and apply 
  new study links lack of to | ensync travel services 
 movie to debut next week! message for details!!  
  environment has a lot to do with drug addiction loved this interesting podcast with michael pollan &amp
  youre a winner todays smile goal embrace your small victories suppo me making these comics at 
  depression is real guys 
"new research suggests that when teens are treated for , their parents improves, too "
  receptors are implicated in ketamines acute antidepressant effects in adults w/ treatment-resistant 
"  yang toxic ,to all survivors and all of people that keep supporting us to heal and recover till t"
the client rules how to benefit most from therapy | psychology today  
  we have a number of opportunities in the area of  find them here and apply 
why should i continue to fight the pain of for another years? 
"when you give everything you have, you give your all to someone someone you have loved for years and its like i "
  surprising ways to lower your naturally without  let at 
  surprising ways to lower your naturally without  let at 
"  before you blame someone who is suicidal, please watch this video and read this thread "
a preventative approach for depression 
  comics that help illustrate what feels like via 
"ivy watts began her blog, , to reach out to people dealing w/anxiety &amp;  we are so excited "
someone asked me why are you so depressed and boy they did not like my answer  
"wrong way to practice loa?! yes, there is! watch this  "
  ketamines antidepressant effects tied to opioid system in the brain discovered th
"  before you blame someone who is suicidal, please watch this video and read this thread "
" advice when feeling down, doing anything is better than doing nothing and feeding th "
 movie to debut next week!!! 
"  tender and deeply movingthis is a beautiful story, at times aching, and filled with compassion and pathos"
" saw suicides for every ,000 residents in , nearly double the national average "
the good news and bad news about this treatment drug 
totally agree!prevention of emotional ill health should be a priority rather than waiting for a crisis not just mi 
"good conversation here about mental health, our humanity, our spiritual selves and some truth about need for connec "
  when i have times like this i lay there feeling awful cos i cannot keep up on my housework &amp
party drug s effect on receptors may provide immediate but sho term relief of  but 
  not just study publication bias our editorial on the cumulative effect of biases on the apparent efficacy of treatme
  not just study publication bias our editorial on the cumulative effect of biases on the apparent efficacy of treatme
"  is sometimes referred to as the black dog just like a real dog, it needs to be embraced, understood, taught new tri"
we definitely need to convercate more about mental health 
god loves you 
"for every , there are attempted suicides but for people with disorder, its even worse with on "
top paper of the month dr jessica tomaszewski details the importance of guideline-recommended for pater 
  raising important questions as usual 
"  is a serious mental issue, the attempts to trivialize it must be discouraged  is one of the symp"
  making a false promise to persons with that a rented companionship can cure their depression is quakery &amp
battling  a -step alternative 
"  if one is interested in fighting , they should fight the stigma, provide right information about depression &amp; m"
"  rting  depression isnt just crying at amit can be at any time, when youre doing absolutely anythi"
"  treatment of clinical with -assisted psychotherapy seems to correct pessimism in patients, enab"
  can be diagnosed with a blood test?it may be closer than you think a team of researchers across canada a
meet susan monteith specializing in and  
"  its bad that there is a stigma against , says swimmer roanne ho no one wants to talk about it"
  ways to reach in to those who have via 
  uspstf recommends counseling for women at risk for perinatal  
18 comics that help illustrate what feels like via 
please  phd opportunity at the centre 
  depression is real guys 
  a substantial number of individuals have long-lasting adverse effects from a traumatic brain injury is
"for me, &amp; combine into an evil s cartoon megabot firing impossible task lasers from its fist "
"  yang toxic ,to all survivors and all of people that keep supporting us to heal and recover till t"
symptoms of and appear to be associated with higher degrees of oxidative stress 
  surprising ways to lower your naturally without  let at 
  surprising ways to lower your naturally without  let at 
  surprising ways to lower your naturally without  let at 
  mental illness - 
  only % of with rheumatoid screened for despite increased adverse event risk 
  brilliant video depicting depression as the black dog  https
only % of with rheumatoid screened for despite increased adverse event risk 
  suicide is always the result of believing a lie--or more than one ~ dr maryann diorio 
"  fills care gaps for patients by deploying a mental platform, comprehensive men"
  that may cause depressive symptoms 
  we have a number of opportunities in the area of  find them here and apply 
  infamous brown and haris study which dr aisha sanober just talked about 
  haha! me buying halloween decor to fill the void 
"  before you blame someone who is suicidal, please watch this video and read this thread "
  depression and anxiety in middle age can increase risk of hea disease and stroke  
"combat depression by cleaning your room, doing your laundry, letting some sunlight in and eating healthy! why d "
  ketamine activates opioid system to treat depression 
" fills care gaps for patients by deploying a mental platform, comprehensive "
"  to rebuild a life, or how naming the unspeakable might just help you heal this is what im in the middl"
"my name is sterling and i suffer from crippling anxiety and depression, and thats okay! it feels wonderful to cry "
"were working hard on all our resources! if interested in our mindful workbooks, blog or sessions hit like or retwe "
"  rting  depression isnt just crying at amit can be at any time, when youre doing absolutely anythi"
  we have a number of opportunities in the area of  find them here and apply 
one of the talks at day will be about the use of and brain stimulation therapies duri 
  why should we be concerned about in women? and what can we do about it?dr sheryl goodman is f
exhaust - with on -  
one of the best ways to help us continue supporting sufferers of and is by becoming a patron 
"  most people take medicinal marijuana as pain-relief in particular, patients suffering from cancer, migraines or multi"
  very interesting how the body is tied together in so many ways my is linked to really bad 
about in pregnant women and new mothers suffers from during pregnancy or in the year after childbirth thread
my eerience of taking antidepressants for most of my adult life trigger warning 
severe depression vagus nerve stimulator improves lives via   
"  seen from the outside, can look like laziness in fact, depression often causes lack of energy and motivation w"
"question of the daydepression is something that you need to take seriously in your case, is your senior loved on "
"dont let them take over your personality and your life if you think you may be suffering from these conditions, d "
"  is sometimes referred to as the black dog just like a real dog, it needs to be embraced, understood, taught new tri"
"  among older people is common, but it can be treatedthe first step is talking "
why doesnt she like meeeeeeeeeee 
"  depression can happen to anybodyif you think you have , seek help "
  absolutely true &amp
  is the leading cause of disability worldwidedepression can be treated the first step is talking https
"  is not a sign of weakness, never be afraid to ask for help "
  a substantial number of individuals have long-lasting adverse effects from a traumatic brain injury is
"yang toxic ,to all survivors and all of people that keep supporting us to heal and reco "
"most people take medicinal marijuana as pain-relief in particular, patients suffering from cancer, migraines or mu "
  lars&amp
going into a may also your 
"happy ! in this video, discover another way to stop recurrent problems from happening this "
hidden scars  
"  its bad that there is a stigma against , says swimmer roanne ho no one wants to talk about it"
  comics that help illustrate what feels like  
 ways to !    and 
"  its bad that there is a stigma against , says swimmer roanne ho no one wants to talk about it"
lars&amp
  youre a winner todays smile goal embrace your small victories suppo me making these comics at 
"more than a fifth of -year-old girls in the uk said they had self-harmed, a repo suggests "
", we are doing exactly that with our online &amp; offline peer suppo community for &amp; "
can be diagnosed with a blood test?it may be closer than you think a team of researchers across canad 
  we have a number of opportunities in the area of  find them here and apply 
grab your speaker slot abstract proposal call for stress management  get a chance to speak with 
"  before you blame someone who is suicidal, please watch this video and read this thread "
"turns out, no one thing is a cure-all no one great thing spreads good everywhere getting the thing shaped as the "
  we have a number of opportunities in the area of  find them here and apply 
four million people in england are long-term users of antidepressants 
"rting  depression isnt just crying at amit can be at any time, when youre doing absolutely any "
  comics that help illustrate what feels like  
r/t because everyone is special &amp
"  considering this data is from , it wouldnt be a stretch to think things have only got worse fifth of -year-old"
"  new research opens the possibility of individually tailored treatment for , which could eliminate the trial and er"
  comics that help illustrate what feels like  
"  new research opens the possibility of individually tailored treatment for , which could eliminate the trial and er"
  youre a winner todays smile goal embrace your small victories suppo me making these comics at 
i fucking hate ! 
  we have a number of opportunities in the area of  find them here and apply 
such as important event taking place at the hea of khayelitsha!  
  comics that help illustrate what feels like  
  valuable meeting taking place in january  
its only wednesday and it feels like this week has been a year already i think my old friend is dog 
"  is a serious mental issue, the attempts to trivialize it must be discouraged  is one of the symp"
  persons with should be encouraged to talk/share/eress themselves with their friends/family to tackle 
  making a false promise to persons with that a rented companionship can cure their depression is quakery &amp
"  if one is interested in fighting , they should fight the stigma, provide right information about depression &amp; m"
  we have a number of opportunities in the area of  find them here and apply 
 receptors are implicated in ketamines acute antidepressant effects in adults w/ treatment-resistant 
  we have a number of opportunities in the area of  find them here and apply 
  we have a number of opportunities in the area of  find them here and apply 
  how do you strike the balance? do you find joy in routines or do you find it stifling find tips and suppo for living your
  we have a number of opportunities in the area of  find them here and apply 
  crippling is something that can affect anyoneeven  if you are struggling -
we have a number of opportunities in the area of  find them here and apply 
"  its bad that there is a stigma against , says swimmer roanne ho no one wants to talk about it"
"if one is interested in fighting , they should fight the stigma, provide right information about depress "
"considering this data is from , it wouldnt be a stretch to think things have only got worse fifth of -ye "
"  is sometimes referred to as the black dog just like a real dog, it needs to be embraced, understood, taught new tri"
  is the leading cause of disability worldwidedepression can be treated the first step is talking https
that plus all my other health issues have just made me not want to do anything  
"a lot of our adult problems , , and problems with and  come down to "
"npr , a promising treatment, seems to act like an  "
"  to all of you who, like us, know this first hand, our  "
making a false promise to persons with that a rented companionship can cure their depression is quakery 
"  before you blame someone who is suicidal, please watch this video and read this thread "
no one ever takes me seriously when i tell them this is my everyday  
"  across the us, theres been a steady rise in high school &amp; college students seeking services, namely for"
  grind away the and lets take that step forward lets get it  keep up 
"  across the us, theres been a steady rise in high school &amp; college students seeking services, namely for"
"  depression can happen to anybodyif you think you have , seek help "
  ketamines antidepressant effects tied to opioid system in the brain discovered th
persons with should be encouraged to talk/share/eress themselves with their friends/family to tackle 
"  across the us, theres been a steady rise in high school &amp; college students seeking services, namely for"
crippling is something that can affect anyoneeven  if you are strugg 
god is brighter than our darkest times 
" is a serious mental issue, the attempts to trivialize it must be discouraged  is one of t "
"understanding dawnsthat its the same, old spectresdressed as something new,that the old tools will sufficeto t "
"across the us, theres been a steady rise in high school &amp; college students seeking services, namel "
how i feel everyday 
wait times to see a child psychologist in ontario public vs private  
"  exercise fights fatigue and in patients, study reveals - "
  dont hide to stand up &amp
 the loss of feeling anything is rough especially for others to compreh 
learn more on how interventions can help with 
"  depression isnt just crying at amit can be at any time, when youre doing absolutely anything you could be having"
"ppl come &amp; go, but im jus a sad lil locomotive that keeps chuggin on  "
how and are influenced by 
really good and informative thread on  
"  before you blame someone who is suicidal, please watch this video and read this thread "
 how did i do what - survive ? i acknowledged i was not ok i 
the us preventive services task force recommends that screen pregnant women &amp
"my eerience with cognitive behavioral therapy for , "
"detection of adolescent from speech using spectral roll-off by melissa n stolar, "
would everest be unconquered? brothers poetry on his travels  
"  tender and deeply movingthis is a beautiful story, at times aching, and filled with compassion and pathos"
  the latest giving voice to just posted please listen to and share s powerful s
"  since the late s, the traditional view of treating has focused on the role of monoamines as main targets f"
"  research improving care the fda has approved a shorter, -minute version of therapy for hard-to-treat"
"i felt as if i had my thermostat removed, w/out a regulator i couldnt be trusted to behave correctly act approp "
 grind away the and lets take that step forward lets get it  kee 
new study links lack of to | ensync travel services  
heres an interesting article about 
"  is a place to meet friends, work and like, basically live  but at what cost? "
  everyday we suffer problems issues the li
ketamine activates opioid system to treat depression 
"  its bad that there is a stigma against , says swimmer roanne ho no one wants to talk about it"
my story depression and alcohol via  
  ketamines antidepressant effects tied to opioid system in the brain discovered th
cbd oil mg wholesale pricing $5997 servings -  
"  there are a wide selection of self-help guides on our website, including information leaflets on , "
"do they not understand the consequences of severe, untreated ? run rampant? ? "
  how social media is detrimental to mental health and how to live life to the full without a sma phone clamped in your
"  its bad that there is a stigma against , says swimmer roanne ho no one wants to talk about it"
"depression may not be the first sign, but it could be one of the early signs that you are pregnant "
another evidence that alteration of bacterial balance leads to issues! 
is it time to move on from self-help to self-management of depression?  
  ketamines antidepressant effects tied to opioid system in the brain discovered th
 the hardest thing was not that i knew how he felt but watching someone i love and knowing he did too 
"   share the signs of , encourage people to get screened "
"  its bad that there is a stigma against , says swimmer roanne ho no one wants to talk about it"
" affects pastors too, please pray for those who arr affected "
5 reasons pastors get depressed and why they dont talk about it 
wanted to try an eeriment if it doesnt workmeh but if you ever wondered what the face of someone with mental 
at the hea of the challenge surrounding workplace lies a powerful negative force stigma 
the person in learns new skills on how to deal with their and  should als 
ya it does!! get your vacation on!! new study links lack of vacation to depression 
your brain takes about % of your bodys fuel even though it only accounts for about % of your body weight a he 
  a little hotter  to read or purchase poetry books by christopher raine 
" advice know the signs of ! if you or your loved one sta showing symptoms, make sure to rea "
  health researchers in caho hospitals and across canada are collaborating to change the way is diagnosed and
  youre a winner todays smile goal embrace your small victories suppo me making these comics at 
  panel doctors should focus on preventing in and women and how can help 
"exercise fights fatigue and in patients, study reveals - "
"  before you blame someone who is suicidal, please watch this video and read this thread "
 to patiently im not one to front or hide my  seeing how &amp
please interpret data carefully may have initial antidepressant effect however chronic opioid use leads to 
a little hotter  to read or purchase poetry books by christopher raine  
  youre a winner todays smile goal embrace your small victories suppo me making these comics at 
  how social media is detrimental to mental health and how to live life to the full without a sma phone clamped in your
"  its bad that there is a stigma against , says swimmer roanne ho no one wants to talk about it"
  pa  score for august th 15 am  me     lack of
  emotional problems are common in but they are treatable! talk to ur clinician about inappropriate
how social media is detrimental to mental health and how to live life to the full without a sma phone clamped in 
pa  score for august th 15 am  me     lack 
"  seen from the outside, can look like laziness in fact, depression often causes lack of energy and motivation w"
  lets talk about university depression read 
new mental health blog -  
  if you want to read my article on suicidal thoughts and for magazine and how to help a loved one in
  ketamines antidepressant effects tied to opioid system in the brain discovered th
"  save the date - october th, registration noon - come out and walk with us check for mo"
"working title memoirs of a born loser or how to make a ruined human beingyes, im being serious so only seriou "
  you are someones reason to be better  
in honor of day $25 first time whole body in  valid  
"battling depression and anxiety is not easy it can be draining if you are dealing with these, keep battling! yo "
is it possible for you to diagnose depression without going to a therapist? 
"  before you blame someone who is suicidal, please watch this video and read this thread "
  creases by jack cj stark via 
"  changes in our lives as we get older can make us more vulnerable to  if you do eerience it, youre not al"
lets talk about university depression read  
"  day  you can help someone with chronic by being a good and supportive listener avoid blame, sh"
just uploaded a video hopefully it has a positive impact in your life societies influence on communication 
"mindfulness-based cognitive therapy mbct to prevent the relapse of depression, manage stress &amp; anxiety orientatio "
cant even articulate how im feeling this morning waking up everyday feeling like crap from  
  new blog post  
  with the epidemic killing k americans in and s of choices for depression patients do not need an ineffe
", which is used for acute and chronic pain, has also been used off-label as a treatment for  t "
  youre a winner todays smile goal embrace your small victories suppo me making these comics at 
"  is sometimes referred to as the black dog just like a real dog, it needs to be embraced, understood, taught new tri"
  opening up about depression boosts productivity 
"  tender and deeply movingthis is a beautiful story, at times aching, and filled with compassion and"
the depression discussionstm | steve woodruff and catherine morgan via &lt
  opening up about depression boosts productivity 
emotional problems are common in but they are treatable! talk to ur clinician about inapprop 
  the word should why you should stop using the word should 
  major cases are on the rise here are things you might not know about depression 
ketamines antidepressant effects tied to opioid system in the brain discovered 
"  , , and other mental distress may increase attack, risk in adults over  "
if you want to read my article on suicidal thoughts and for magazine and how to help a loved on 
heres an unknown about   
"  before you blame someone who is suicidal, please watch this video and read this thread "
hi heres my new videobe the image not the reflection  you 
im a huge fan of content creation and world building but the only one who sees my stuff is my so because im just 
its easy for men to be somewhat forgotten in the whirlwind that is becoming a parent read andys story of his e 
a new study confirms that having high or very high psychological distress due to or impacts a 
opening up about depression boosts productivity  
"  i forgot the human, but not the monster the shadow would appear when i was about to fall asleep i never saw it, but i"
"there are a wide selection of self-help guides on our website, including information leaflets on , "
"  before you blame someone who is suicidal, please watch this video and read this thread "
 we declare youre defeated in our lives in name
"  its bad that there is a stigma against , says swimmer roanne ho no one wants to talk about it"
  our first podcast is up! what dr1ves you? what we are about! by dr1ven industries on ch
"  before you blame someone who is suicidal, please watch this video and read this thread "
 youre bent  
  claimed she backed during if this was 
  [blog post] the of  
  heres what can do to your body 
shutting down myths about depression  
"  before you blame someone who is suicidal, please watch this video and read this thread "
today for me its leaving the house &amp
 claimed she backed during if this 
it will also cure 
"  before you blame someone who is suicidal, please watch this video and read this thread "
"  before you blame someone who is suicidal, please watch this video and read this thread "
our first podcast is up! what dr1ves you? what we are about! by dr1ven industries on 
"  in youth growing day by day,needs to be addressedurge youth to share their problems, initiate healthy disc"
"apparently, i write like jim carrol when im depressed not sure whether this is a good or bad thing  "
"  research improving care the fda has approved a shorter, -minute version of therapy for hard-to-treat"
ketamine activates opioid system to treat 
"  is sometimes referred to as the black dog just like a real dog, it needs to be embraced, understood, taught new tri"
"  is a place to meet friends, work and like, basically live  but at what cost? "
"  is sometimes referred to as the black dog just like a real dog, it needs to be embraced, understood, taught new tri"
"  tender and deeply movingthis is a beautiful story, at times aching, and filled with compassion and pathos"
"  tender and deeply movingthis is a beautiful story, at times aching, and filled with compassion and"
together we can end 
  im not sure what direction to point my crippling anxiety this morning 
children eed to maternal depression respond like those under chronic stress  
  a substantial number of individuals have long-lasting adverse effects from a traumatic brain injury is
  perfectionism and depression  
  tuesday am - getting ready to leave for work havent said that in years anxiety worse than even before surgery im askin
"  before you blame someone who is suicidal, please watch this video and read this thread "
can be diagnosed with a blood test?it may be closer than you think a team of researchers across canad 
" tender and deeply movingthis is a beautiful story, at times aching, and filled with compassion "
"  before you blame someone who is suicidal, please watch this video and read this thread "
"  its bad that there is a stigma against , says swimmer roanne ho no one wants to talk about it"
" ive been in mode for a long time, but without adequate, restful sleep, its a daily strug "
"  its bad that there is a stigma against , says swimmer roanne ho no one wants to talk about it"
24 june 1 month ago my depression its came back to me again now im so pround of myself if you feel depressed y 
  mental illness - 
how can eco therapy improve your mental health and wellbeing ?  
a creative way to cope with - 
"  is sometimes referred to as the black dog just like a real dog, it needs to be embraced, understood, taught new tri"
"  wearing a smile knowing youre broken inside, dragging your feet, feeling numb, staring at the walls, trying but"
"  thinking about so many things at the same time, not being able to control your thoughts, wanting to be alone all"
"  destroys your life, your future, your progress, your relationships it takes your happiness away dont be the"
"  i forgot the human, but not the monster the shadow would appear when i was about to fall asleep i never saw it, but i"
"  is a place to meet friends, work and like, basically live  but at what cost? "
"when church leaders struggle with , society as a whole has a problem religious groups - esp  "
"  depression can affect your sleep, appetite, physical &amp; more - find out what could be causing it "
"  is sometimes referred to as the black dog just like a real dog, it needs to be embraced, understood, taught new tri"
so all over the news its self harming this can be changed if you or someone you know struggles coping feel 
do you run a blog or website on mental ? look! on to add to your ws pls  
"  this weeks story spotlight is from kristina! click this link to read, and dont forget to "
one minute of motivationthe show beats the tell  
  infamous brown and haris study which dr aisha sanober just talked about 
  that may cause depressive symptoms 
"if you are suffering from depression, find a suppo group for people also dealing with depression "
  nutritional psychiatry the present state of the evidence via proceedings of nutritio
im not sure what direction to point my crippling anxiety this morning 
"guysi am in love my life is so messed up right now, everything is so freaking wrong but i like him i like him "
"bad dreams last night woke with my body aching, in a fog i had some me time this am and feel better as long as i "
  youre a winner todays smile goal embrace your small victories suppo me making these comics at 
add some to your life to fight ! keys t 
  its not our job to fix people its our job to love them even while they are broken 
"  tender and deeply movingthis is a beautiful story, at times aching, and filled with compassion and pathos"
its worth reading the whole thread  
"finally curating my photos from nanning, china! many thanks again to my generous hosts at the china-asean psychiatr "
"  in youth growing day by day,needs to be addressedurge youth to share their problems, initiate healthy disc"
"  new research opens the possibility of individually tailored treatment for , which could eliminate the trial and er"
  new book one more day is the best thing ive ever read on and and its affect on faith
" is a place to meet friends, work and like, basically live  but at what cost?  "
be where you are
glimpses of come join this time to make it more successful an 
"  if you have , you have a higher risk for  learn more in "
"think about what it costs you to hold on, then think, about the benefits of letting go ~ dr laura r kiray, ms "
"  tender and deeply movingthis is a beautiful story, at times aching, and filled with compassion and pathos"
"a new study reveals a link between - , - and physical illness - , "
"  new research opens the possibility of individually tailored treatment for , which could eliminate the trial and er"
thank you so much to michael wilkerson who is another new friend on twitter! i hope you enjoy my tweets  
eyesight to the blind you are already that which you seek now on kindle you dont have to 
"its bad that there is a stigma against , says swimmer roanne ho no one wants to talk abo "
  depression and me trigger warning severe depression &amp
im battling another bout of and at the moment my head is veering between bursts of clarity and mush 
its that time again dont be defined by the collective your med compliance is for younot 
"  depression can affect your sleep, appetite, physical &amp; more - find out what could be causing it "
"  i forgot the human, but not the monster the shadow would appear when i was about to fall asleep i never saw it, but i"
"  is sometimes referred to as the black dog just like a real dog, it needs to be embraced, understood, taught new tri"
"  the deeper my depression gets, the more into horror movies i become "
"depression can affect your sleep, appetite, physical &amp; more - find out what could be causing it "
" is only temporary, you can get passed this!"
"  is sometimes referred to as the black dog just like a real dog, it needs to be embraced, understood, taught new tri"
 of and have have spent time for me i have spent hour with &amp
im voting for for  and 
  dont give up someone might need your help[link cw uncensored nudity] 
"  is sometimes referred to as the black dog just like a real dog, it needs to be embraced, understood, taught new tri"
all postpartum women should be screened for  one way to screen for depression is the interactive edinbu 
join me at my bon fire for a fireside chat about how to deal with depression!  
a very moving performance from actor bob barrett who plays sacha levy in who was dealing with 
"  thank you for helping spread our guests stories, steve we are inspired by them as well! the giving voice to depressi"
why so many people are stressed and depressed  
the session anniversary deal ends tomorrow youre a previous client or on 
"i should be happy and proud of what ive done today or at the very least satisfied instead, i want to cry anxie "
"  is sometimes referred to as the black dog just like a real dog, it needs to be embraced, understood, taught new tri"
"  depression, anxiety, &amp; other psychological distress has strong, dose-dependent positive association w/ stroke &amp; hea attack"
"  is sometimes referred to as the black dog just like a real dog, it needs to be embraced, understood, taught new tri"
"  vacation, a conversation with myself a letter by bryan sammis https"
i absolutely love being the ambassador for this mental health challenge if you are a school who would like to be i 
  j k rowling on depression 
  youre a winner todays smile goal embrace your small victories suppo me making these comics at 
 is real they should focus on the players emotional beings that way the players are happy and th 
"  coaching, suppo group in  "
"  ! please check on your family members! asked them how they are, then pay attention to the"
  new publication available on management of and in long-term conditions thanks to for fun
i am raising money for break the silence festival click to donate  via check i 
  theres a lot of waiting that occurs in the lives of people who live with depression in between the desire to be wel
"what price do we pay for acting on impulse? impulsivity has far-reaching, often devastating consequences "
"anger is energizing the opposite of anger is depression, which is anger turned inward  "
" didnt see past what i wanted to do at college i got bullied at school for being different, which affected my se "
mental health statistics from the office of national statistics how is your own wellbeing strategy shaping up? fur 
"post-natal depression yes, fathers suffer toofather and author of new book, daddy blues, postnatal depression an "
"  tender and deeply movingthis is a beautiful story, at times aching, and filled with compassion and pathos"
  nutritional psychiatry the present state of the evidence via proceedings of nutritio
  research has shown that partaking in resistance training lowers feelings of &amp
  just because i dont have a plaster to say i am ill doesnt mean i am not susan talks about her eeriences of 
new publication available on management of and in long-term conditions thanks to 
"  i forgot the human, but not the monster the shadow would appear when i was about to fall asleep i never saw it, but i"
"  is sometimes referred to as the black dog just like a real dog, it needs to be embraced, understood, taught new tri"
"  if you see someone struggling with , , or any other issues, suppo them"
  suicide is always the result of believing a lie--or more than one ~ dr maryann diorio 
"  depression, anxiety, &amp; other psychological distress has strong, dose-dependent positive association w/ stroke &amp; hea attack"
brainworking recursive therapy orgthe british brainworking research society orguk 
"  tender and deeply movingthis is a beautiful story, at times aching, and filled with compassion and pathos"
suicide is always the result of believing a lie--or more than one ~ dr maryann diorio 
  dont hide to stand up &amp
  dont hide to stand up &amp
  nutritional psychiatry the present state of the evidence via proceedings of nutritio
the findings suggest that ketamines acute antidepressant effect requires opioid system activation  
" coaching, suppo group in  "
"  research improving care the fda has approved a shorter, -minute version of therapy for hard-to-treat"
  nutritional psychiatry the present state of the evidence via proceedings of nutritio
 can be treated and you can feel better
  just because i dont have a plaster to say i am ill doesnt mean i am not susan talks about her eeriences of 
", and other mental distress linked to an increased risk of hea attack / stroke among adults a "
 you did not keep me from exercising my voting rights yesterday!i win!
  i knew i was different but i couldnt quite work out why watch this interview with who has 
  perfectionism and depression  
  are there certain factors that make you more prone to depression? dr answers this question is there some
"overdose right now, please "
"  tender and deeply movingthis is a beautiful story, at times aching, and filled with compassion and pathos"
research has shown that partaking in resistance training lowers feelings of &amp
"  for anyone struggling with depression, this is a fantastic podcast to listen to "
  who told you that you need to be perfect in order to be happy? perfectionism puts people at-risk for depression! learning f
"  tender and deeply movingthis is a beautiful story, at times aching, and filled with compassion and pathos"
  yes! more and more children are being medicated for reasons through their schools recommendations or doctors inabi
"  tender and deeply movingthis is a beautiful story, at times aching, and filled with compassion and pathos"
things i tell myself on a daily anorexia im male  
"  depression, anxiety, &amp; other psychological distress has strong, dose-dependent positive association w/ stroke &amp; hea attack"
  just because i dont have a plaster to say i am ill doesnt mean i am not susan talks about her eeriences of 
"  if you love something dont quit just because its difficult if you try and fail, then you learn, and learning is grow"
 yes! more and more children are being medicated for reasons through their schools recommendations or docto 
whoever is controlling my life do better!!! - 
"  if you love something dont quit just because its difficult if you try and fail, then you learn, and learning is grow"
  ways to reach in to those who have via 
depression and parkinsons being linked to your gut microbiome a healthy gut = a healthy you!! i love your gut 
"  i have depression yes, ive had a lot of time off in the last two years yes, a day doesnt go by without me thinking abo"
"i have depression yes, ive had a lot of time off in the last two years yes, a day doesnt go by without me thin "
in my car in the parking garage at work i can do this 
"  is sometimes referred to as the black dog just like a real dog, it needs to be embraced, understood, taught new tri"
  brilliant video depicting depression as the black dog  https
"how ketamine treats  it activates opioid receptors, finds  via "
those struggling ! do not despair from mercy of allah  
  perfectionism and depression  
  j k rowling on depression 
  mental illness - 
"  is sometimes referred to as the black dog just like a real dog, it needs to be embraced, understood, taught new tri"
" , a promising depression treatment, seems to act like an opioid "
these low moods 
today it feels like im going about my day with the lights off doable but frustrating 
"one thing that helps with my  finding phrases i use when im happy and searching fromusername, phrase "
perfectionism and depression   
 bol dil say bolad mad dudethe live love laugh foundation 
", tied to higher risk of hea attack, stroke "
"   at the top observation deck of the burj khalifa, an overwhelming urge to climb the barriers and jump, to bring an"
"  new research opens the possibility of individually tailored treatment for , which could eliminate the trial and er"
"  sometimes, pudgy is all i have  "
"  research improving care the fda has approved a shorter, -minute version of therapy for hard-to-treat"
"if you see someone struggling with , , or any other issues, suppo t "
"  reminder telling people,just smile - youll feel better! is tone deaf &amp; ineffective if we really want to suppo peo"
you are what you think! the good news it you can change 
"  is sometimes referred to as the black dog just like a real dog, it needs to be embraced, understood, taught new tri"
bbc receives praise for harrowing but important portrayal of on holby city 
"ketamine, a promising treatment, seems to act like an opioid "
   and just like that i wanna end my life theres no reason for me to live  
oh what a horrible world its become if in -yr old girls are and the main cause of death in men 
  for youe
  for youe
  for youe
  for youeveryo
  healing and recovering takes a lot of time and patience go easy on yourself 
  /5 of -year-old girls in uk  
"tender and deeply movingthis is a beautiful story, at times aching, and filled with compassion and pathos "
at spirituallyin talking about the mental health there may be billions of medicines to cure the body but what abo 
  women with during pregnancy are more likely to deliver a baby with that develop
women with during pregnancy are more likely to deliver a baby with that deve 
"ketamine, a promising depression treatment, seems to act like an opioid - npr "
please talk to someone today dont fight it alone  
  brilliant video depicting depression as the black dog  https
  your track record of making it through each day is %!you can do this! 
"try to understand the blackness, lethargy, hopelessness, and loneliness theyre going through "
great new on overcoming and  
"according to a repo of the world health organization, india is one of the most depressed countries in the world "
  youre a winner todays smile goal embrace your small victories suppo me making these comics at 
"  sick of getting bullied, trolled or harassed on facebook or twitter because of your or"
"  is sometimes referred to as the black dog just like a real dog, it needs to be embraced, understood, taught new tri"
 infamous brown and haris study which dr aisha sanober just talked about 
  just because i dont have a plaster to say i am ill doesnt mean i am not susan talks about her eeriences of 
"  i forgot the human, but not the monster the shadow would appear when i was about to fall asleep i never saw it, but i"
  that may cause depressive symptoms 
 that may cause depressive symptoms 
article on how to accomplish your goals on my website look at resources page   
simply words that capture the very essence of my and the inflicted upon me b 
"  sick of getting bullied, trolled or harassed on facebook or twitter because of your or"
"  to all of you who, like us, know this first hand, our  "
article on how to accomplish your goals on my website look at resources page   
thank you so much to krisi who is another new friend on twitter! i hope you enjoy my tweets x 
  bad day or childhood depression? signs every parent should know 
"  older adults with multiple chronic diseases can benefit from care co-ordination strategies, said our dr sharon stra"
article on how to accomplish your goals on my website look at resources page   
"  symptoms of in children10 boredom, withdrawal/decreased interest in friends and activities11 changes in"
"  symptoms of in children5 changes in energy - tired, sluggish, tense, restless6 having a hard time payin"
"  symptoms of in children1 feeling sad, hopeless or irritable2 not wanting to do or enjoy doing fun thi"
 troubles arent permanent like tattoos via 
"  sick of getting bullied, trolled or harassed on facebook or twitter because of your or"
"to all of you who, like us, know this first hand, our   "
  anxiety pain depression edit 
  end to / drugs? israeli company invented cure for &amp
"  can they take control of their own lives before they hit rock bottom, and will fate once more reunite those who remain"
weve been ignoring the problem of dads and depression for decadesat a huge cost to kids v 
"  what were the major reported barriers to receiving care for and alcohol use disorder, and what could be done to"
  mourning me and insecure after brain injury - how do i accept the new me &amp
  just because i dont have a plaster to say i am ill doesnt mean i am not susan talks about her eeriences of 
  the struggle is realdepression  
  just because i dont have a plaster to say i am ill doesnt mean i am not susan talks about her eeriences of 
"  is sometimes referred to as the black dog just like a real dog, it needs to be embraced, understood, taught new tri"
"what were the major reported barriers to receiving care for and alcohol use disorder, and what could be "
  standing ovation worthy performance by bob barrett as dr sasha in tonightdepression in doctors is such an
"  depression, anxiety, &amp; other psychological distress has strong, dose-dependent positive association w/ stroke &amp; hea attack"
  lovely  were live with the best &amp
  just because i dont have a plaster to say i am ill doesnt mean i am not susan talks about her eeriences of 
"  i forgot the human, but not the monster the shadow would appear when i was about to fall asleep i never saw it, but i"
i knew i was different but i couldnt quite work out why watch this interview with who has 
just because i dont have a plaster to say i am ill doesnt mean i am not susan talks about her eeriences of 
"we all have unhelpful thinking styles when we are feeling low, anxious or stressed we can challenge these thoughts "
"  depression, anxiety, &amp; other psychological distress has strong, dose-dependent positive association w/ stroke &amp; hea attack"
  please dont quit before the miracle happens 
my brain is a muscle so i have to remember that i need to keep my mind conditioned and prepared to go up angainst 
  cheapest price for cbd oil anywhere! 
  own your  the western is spreading disability and premature death worldwide - its a st century infec
"  on lifestyles from 0 pm cet will be talking to leon matthews-doorman, carol wilson and savi mckenzie"
  worried that your child is depressed? about  
depression is the number one cause of depression -  
"  is sometimes referred to as the black dog just like a real dog, it needs to be embraced, understood, taught new tri"
"thank you for helping spread our guests stories, steve we are inspired by them as well! the giving voice to depre "
"  new research opens the possibility of individually tailored treatment for , which could eliminate the trial and er"
  j k rowling on depression 
  who told you that you need to be perfect in order to be happy? perfectionism puts people at-risk for depression! learning f
own your  the western is spreading disability and premature death worldwide - its a st century in 
keep shining beauties!  
"on lifestyles from 0 pm cet will be talking to leon matthews-doorman, carol wilson and savi mc "
"nearly a quarter of -year-old girls in the uk said they had self-harmed, a repo suggests  "
it doesnt get better
"  depression is like a parasite that feeds off of your vitality, depleting its host of meaning depression turns you into"
"  on lifestyles from 0 pm cet will be talking to leon matthews-doorman, carol wilson and savi mckenzi"
  eichin chang-lim injects a huge dose of realism into the narrative and makes the characters really believable the lo
read this about 
"for anyone struggling with depression, this is a fantastic podcast to listen to  "
  after childbirth is commonseeking help is good for you and your babythe first step is talking 
even toddlers care what others think via  
"  i forgot the human, but not the monster the shadow would appear when i was about to fall asleep i never saw it, but i"
  even toddlers care what others think via 
even toddlers care what others think via  
  did you know that is the leading cause of disability in the us for ages -44? check out our virtual iss
  eichin chang-lim injects a huge dose of realism into the narrative and makes the characters really believable the lo
"on lifestyles from 0 pm cet will be talking to leon matthews-doorman, carol wilson and savi mc "
because people keep saying im not old 
even toddlers care what others think via  
  eichin chang-lim injects a huge dose of realism into the narrative and makes the characters really believable the lo
  eichin chang-lim injects a huge dose of realism into the narrative and makes the characters really believable the lo
eichin chang-lim injects a huge dose of realism into the narrative and makes the characters really believable th 
  please be kind and gentle with yourself it is a painfully long process to feel comfortable around people and being abl
"  is sometimes referred to as the black dog just like a real dog, it needs to be embraced, understood, taught new tri"
"ecotherapy improves mental health sit down , relax and read how ?  "
theres a lot of waiting that occurs in the lives of people who live with depression in between the desire to be 
"  panel doctors should focus on preventing in , - "
  thread 
  when i have times like this i lay there feeling awful cos i cannot keep up on my housework &amp
when i have times like this i lay there feeling awful cos i cannot keep up on my housework &amp
rage  
  can an anti-inflammatory improve your ? 
"  research improving care the fda has approved a shorter, -minute version of therapy for hard-to-treat"
  j k rowling on depression 
", , other mental distress may increase attack, stroke risk in adults over links "
"  tender and deeply movingthis is a beautiful story, at times aching, and filled with compassion and pathos"
the happiness of your life depends upon the of your thoughts  
  youre a winner todays smile goal embrace your small victories suppo me making these comics at 
  people whove never eerienced think that if you meditate and do yoga and think positive and eat healthy an
  dont hide to stand up &amp
"its hard to get out there when were depressed, but movement can make us feel so much better if youre having tro "
im drained need to go to work but my energy is sucked dry 
"in life, you do not have to be a victim eyesight to the blind, now available as a kindle ebook  "
"  listen to the maps podcast for a special interview with , author of  what the new science of"
 and suicide do not discriminate but hope prevails! 
  did you know that is the leading cause of disability in the us for ages -44? check out our virtual iss
  well done - now its time to offer this treatment to who may benefit from it 
  anxiety pain depression edit 
feel so empty  
i kept sitting as the moments passedall i could catch was a past full of error  
  anxiety pain depression edit 
  anxiety pain depression edit 
  healing and recovering takes a lot of time and patience go easy on yourself 
  of seems to have flashed by but with a little bit of time for me i have made time for my
"some days the world just feels darker than others, but the light always finds its way back eventually! always try "
"  among older people is common, but it can be treatedthe first step is talking "
anxiety pain depression edit 
  ways to reach in to those who have depression 
" ! please check on your family members! asked them how they are, then pay attention to the response"
"  seen from the outside, can look like laziness in fact, depression often causes lack of energy and motivation w"
"  is sometimes referred to as the black dog just like a real dog, it needs to be embraced, understood, taught new tri"
