am i the only one about this!!!,0
  this page still exists im sorry im just busy w schoolwork ,0
  this page still exists im sorry im just busy w schoolwork ,0
  i think humba wumba put something in her pool o0  ,0
  this page still exists im sorry im just busy w schoolwork ,0
im not crying cos im sad im crying cos its illegal to kill you   ,0
"a friends daughter got sick from an drivers stop &amp; go driving only to have him refuse to pull over, ",0
"high quality - a pictures are eertly printed on front or back, available in a huge range of colors, siz ",0
"only three of tell the  , the and the !",0
  we hope that after putting the claim online for the delay do not give us problems and compensate for the bad treatm,0
 i didnt mean to turn it i know youre3 just a cause i took through the drive-t ,0
the hardest game you will ever play ,0
"within hours of me trying and failing so far to get priority tickets for my yr old daughter to see her idol, ",0
  we hope that after putting the claim online for the delay do not give us problems and compensate for the bad treatm,0
we hope that after putting the claim online for the delay do not give us problems and compensate for the b ,0
  master he need to take angry management classes  he doesnt know how to speak with others and his ,0
" is co-opting  fight clubs, neo- and serve as ",0
i would either be screaming with all going on right now or scared of being captured for nothing and ,0
had a great time working with jason for some really interesting images!  ,0
  fiesty pets in claires accessories with glenda gitterpoop and sir growls-a-lot ,0
 ope someone is going to return my call after the line dropped out!!! why should i call again alrea ,0
 hope someone is going to return my call after the line dropped out!!! why should i call again alread ,0
" this sums up why these things happen he got angry that she dared to reject his advances, he felt he ",0
" beware, if this and treat all their customers like they have treated me ",0
" your being chased by a with nasty , how are you now? ",0
" despite strong , many americans to get by top ? ",0
" can sometimes bring out the worst in people, but what causes you to get behind the wheel? tell us b ",0
 absolutely trying to get off the bus with my year old and the bus driver didnt think to check if any ,0
im still at him for it  thats really not   ,0
 if you guys ran out of ideas you could have asked the fans who are into designing to submit ,0
seriously ? days notice on removing an integral pa of the service which was one of your main selli ,0
 free info  ,0
"thanks for the nice wishes unfortunately you cannot wish misery away, and you seem delusional for trying ",0
 am i the only one who hates these weird-looking yellow chairs?? seriously they are everywhe ,0
absolutely ridiculous the am train is so delayed we move to catch the next train only to have it leave on ,0
 would by  jeremy vine says we havent yet - via ,0
just for today do not be angry do not worry be grateful work hard be kind to othersenjoy ,0
  every minute you are you lose seconds of choose wisely the things you want to be angry at ,0
sometimes you could be      sometimes we have those ,0
 did we send them a really letter? what we need to do is put holes in bashar al-assads head!,0
 bird for - ,0
  master he need to take angry management classes  he doesnt know how to speak with others and his ,0
lots of emotions currently as it pertains to my situation glad i have my cannabis vape pen and live in colorado l ,0
 the stay in makes me ! ,0
my mother is covered with so many different treatments that cost so much even after shes p ,0
" may ,  president franklin pierce vetoed the bill for the benefit of the indigent insane!!! this ",0
hey why would all of your signs for delta point me in the direction of terminal east when delta baggage ,0
one day i woke up with this anger inside of me and i dont think it will go away what the fuck happened  ,0
  every minute you are you lose seconds of choose wisely the things you want to be angry at ,0
  you said hrs left literally hrs ago! dont play with me destiny  ,0
"activities for , kids ",0
you said hrs left literally hrs ago! dont play with me destiny   ,0
aggressive behaviour in toddlers how to deal with an angry toddler  ,0
nunavut hunter killed by polar bear and cub | cbc news  ,0
! the department of has a world class economics research institution  and is throwing it away ,0
looks like my is about to break up with me i feel   ,0
  its the year leak-iversery update still searching for the bastard who leaked our test footage onto the internet c,0
 i feel great sorrow and sadness walking amon ,0
"high quality available - images are eertly printed on front or back, available in a huge range of colors, ",0
i dont think this is right i just feel more anger and i wish for a baseball bat to materialize from thin air i r ,0
  where is the match of olympique de marseille ???!!!!! last year you had all the and not this year,0
 i called to try and cancel an order that was accidentally placed and i recieved the worst customer service! ,0
  rehearsals going really well for tonight with the new drummer cant wait! ,0
its a crown royal kinda night fuck work sucks sometimes get your planning dept in order ,0
ive been in a foul mood all day im just hating everything and everybody i feel uncomfortable in my skin i feel ,0
there is so much i hate about this billboard i dont know where to sta ,0
beyond pissed ,0
  its the year leak-iversery update still searching for the bastard who leaked our test footage onto the internet c,0
he saw a ghost ,0
tell me why a employee sold my pre-order copy of today ,0
" would hear that often now, i dont entertain any conversations regarding syndromes that m ",0
"im feeling so angry about mourinho actually have to buy a new cb, and then he cant because the ed woodward gave hi ",0
pretty sure i didnt agree to do someone elses job for them ,0
 has been a pa of home for me here in europe for years but slut-shaming children sets me go ballisti ,0
 wow is a brainwashed hater then another goofy guy who think he has so ,0
nothing can make a person more then when they that little voice inside of them to to someon ,0
 a racist who cant spellmatters=manners ,0
  master he need to take angry management classes  he doesnt know how to speak with others and his ,0
  just so you know ,0
 against ! is about the  ,0
when mcdonalds forget your garlic mayo on your chicken wrap ,0
"when you wake up to your car on blocks, its not a good morning all four wheels and tires ",0
  whilst these poor folks waited for the ticket office to open which they were,0
 still answer after calling all day some one calls me ten minutes ago when i wasnt by my phone i call back ,0
  where is the match of olympique de marseille ???!!!!! last year you had all the and not this year,0
 trying to verify a new computer because i need to put in a ticket about neverwinter not giving me my ,0
  every minute you are you lose seconds of choose wisely the things you want to be angry at ,0
  master he need to take angry management classes  he doesnt know how to speak with others and his ,0
 for the minority group lou belongs to ,0
 god almighty this is disgusting and heartbreaking ,0
  master he need to take angry management classes  he doesnt know how to speak with others and his ,0
 getting ,0
angry pussy ,0
"  those who make me  belong somewhere else i must release them silently, gently to eerience new ",0
 we wont give up ^_^   ,0
 we wont give up ^_^   ,0
 ive been dealing with your poor customer service for days and gotten no where do you make it a habit to st ,0
 it makes me irrationally to hear that when i cant even exercise the simplest  ,0
shameful! ,0
  master he need to take angry management classes  he doesnt know how to speak with others and his ,0
i dont think i can live past  im tired of suffering and dont want to suffer any longer ,0
  master he need to take angry management classes  he doesnt know how to speak with others and his ,0
"i know i sound grouchy, but i am sick to death of inconsiderate assholes changing lanes last minute to avoid a queu ",0
  rehearsals going really well for tonight with the new drummer cant wait! ,0
  master he need to take angry management classes  he doesnt know how to speak with others and his ,0
  tip of the day! set your drag before you sta fishing! what a rookie mistake ,0
  master he need to take angry management classes  he doesnt know how to speak with others and his ,0
  master he need to take angry management classes  he doesnt know how to speak with others and his ,0
 master he need to take angry management classes  he doesnt know how to speak with others and his ,0
tip of the day! set your drag before you sta fishing! what a rookie mistake  ,0
 my poor girl ,0
"  john by alexandria draws clapback from her fans, another sell out https",0
todays post has pissed me off read why on my blog link in bio  ,0
had i been some kinds with peaceful solving of dispute matter b/w india and china or what!! then answer i ju ,0
"  john by alexandria draws clapback from her fans, another sell out https",0
  /27/18 big dumb fun show ,0
you didnt tell me this was going to be a vegan party?  ,0
" thanks for taking away my voice i voted for you, and your stupid web site told me places to vote ",0
  every minute you are you lose seconds of choose wisely the things you want to be angry at ,0
  went to hennur sales associate refused bill till i parted with my mobile  why r you forcing people to p,0
bought a car for $600 just to find out the fuel pump was jerry rigged together lmaowouldve been nice to know t ,0
"parking of all things, really winds me up!!! ",0
went to hennur sales associate refused bill till i parted with my mobile  why r you forcing p ,0
  whilst these poor folks waited for the ticket office to open which they were,0
"  john by alexandria draws clapback from her fans, another sell out https",0
 whilst these poor folks waited for the ticket office to open which the ,0
 you have vile people your society ,0
  every minute you are you lose seconds of choose wisely the things you want to be angry at ,0
  every minute you are you lose seconds of choose wisely the things you want to be angry at ,0
every minute you are you lose seconds of choose wisely the things you want to be angry at ,0
things like this and it doesnt matter what in the this is plain ,0
think or swim!  ,0
why am i listening to vitalogy backwards and forwards ,0
when you create thousands account on twitter cause they always delete yours,0
if i could punch someone and get away with it i would !!! ,0
 [his mom] said jamel wanted to go to school and tell his classmates because he was proud to be gay so much ,0
hope has two beautiful daughters their names are anger and courage,0
  great my throat is raw and i am now angry ,0
great my throat is raw and i am now angry ,0
"  john by alexandria draws clapback from her fans, another sell out https",0
"if you an or child, be sure to check this out via ",0
anger and its consequences ,0
"what a shame you have phone representatives who lieback in /2017, i cancelled an electronic ed ",0
just been refused an x-ray because of a policy seemingly made up on the spot and lies about badly damaged paper work ,0
" wearing the same clothes eating once a day $0 and when you ask for help, people and anger ",0
  others to get at your  ,0
  this page still exists im sorry im just busy w schoolwork ,0
" hi, could you contact me please and elain why my mum has just been charged 0 for a journey that ",0
  rehearsals going really well for tonight with the new drummer cant wait! ,0
  its the year leak-iversery update still searching for the bastard who leaked our test footage onto the internet c,0
"  those who make me  belong somewhere else i must release them silently, gently to eerience new ",0
the train is now minutes late ,0
"talk about nerd rage , i got so fucking mad at this game i was playing so i threw the gamecube in the wall  i kind ",0
"  those who make me  belong somewhere else i must release them silently, gently to eerience new ",0
  this page still exists im sorry im just busy w schoolwork ,0
  the hardest game you will ever play tco/b,0
the hardest game you will ever play ,0
"wow, is really , see what these did to make him !  ",0
ive had enough ed woodwind has to go ,0
"  boy with boy  ,  ",0
" boy with boy  ,  ",0
 got tickets in which i was happy with received email after ,0
this page still exists im sorry im just busy w schoolwork  ,0
is a very ,0
fiesty pets in claires accessories with glenda gitterpoop and sir growls-a-lot  ,0
 wouldnt you like a robots that put some pressure on you? a terminator would also be great ,0
  asbestnoise for your now ,0
  yes i am with you ,0
are you feeling angry and restless but dont really understand why? talk to someone who can help contact melanie ,0
asbestnoise for your now ,0
the whole process of getting tickets for afl finals suck stuffed up my order + ,0
 to them!   ,0
  beat that chiropractor hungrily through s jugs and is blaming me! ,0
 beat that chiropractor hungrily through s jugs and is blaming me! ,0
 goals conceded 6 points dropped in matches and mou calls the press out to respect him ,0
 goals conceded 6 points dropped in matches and mou calls the press out to respect him ,0
 goals conceded 6 points dropped in matches and mou calls the press ,0
is it to when ? ,0
we dont know what tomorrow will bring  ,0
  rehearsals going really well for tonight with the new drummer cant wait! ,0
ballpoint pen sketch   ,0
do you know how to your ? ,0
  by | society6 also as  ,0
"retweet, like, and comment! shared about who , ",0
  every minute you are angry you lose seconds of choose wisely the things you want to be at ,0
"i was on hold waiting to speak with a representative for minutes, then was accidentally hung up on th ",0
  every minute you are angry you lose seconds of choose wisely the things you want to be at ,0
"some people only get when theyre or theirs are , they couldnt care less about any one else! ",0
angry bird animation  made for a client   ,0
" woah, calm down i guess its good enough why you so though?",0
*angrily rants to friend* *angrily sips tea* *feels better* ,0
how do you respond when your partner is ? ,0
"  those who make me  belong somewhere else i must release them silently, gently to eerience new ",0
 says it will look into the issue but does not do anythingafter repeated complaints no one has contacte ,0
"  those who make me  belong somewhere else i must release them silently, gently to eerience new ",0
i wish the person whom this was addressed to will do something ,0
 having issues tonight with directv!! cant watch the game as they are having issues saying ,0
bus route going northbound  ,0
  its the year leak-iversery update still searching for the bastard who leaked our test footage onto the internet c,0
  rehearsals going really well for tonight with the new drummer cant wait! ,0
8/27/18 big dumb fun show ,0
  love my iphone but like seriously wtf is up with the battery life? ,0
"  those who make me  belong somewhere else i must release them silently, gently to eerience new ",0
"  john by alexandria draws clapback from her fans, another sell out https",0
"i , felt and stressed but by the time i finished the book i was and satisfied  ",0
love my iphone but like seriously wtf is up with the battery life? ,0
very and to learn that they wont organize the mythic along the this year ,0
"strategies that work! troubled waters activities for , kids  ",0
  guys i cant believe that i got spoiled of the main villain i dont know what to say right now *crying angrily*,0
"  john by alexandria draws clapback from her fans, another sell out https",0
 lez dad &gt,0
"note to self dont ever use , stick to ",0
  others to get at your  ,0
"  those who make me  belong somewhere else i must release them silently, gently to eerience new ",0
  rehearsals going really well for tonight with the new drummer cant wait! ,0
i worked for two hours helping a friend i made nothing was hungry the whole time &amp,0
 - people who make strange noises during yoga are my new pet peeve ,0
  rehearsals going really well for tonight with the new drummer cant wait! ,0
 im so disappointed you are supposed to be able to purchase online and pick up in store within hours not ,0
"when you depress everyone think that youre sad all times  dont hang out , and stay in bed maybe my social life ",0
its the year leak-iversery update still searching for the bastard who leaked our test footage onto the interne ,0
"high quality available - images are eertly printed on front or back, available in a huge range of colors, ",0
" u guys suck, in middle of the soccer match get e19 and retards at help care couldnt correct error rtf ",0
i have seen a video from star wars updates adout the leaked road map and i think it is outrageous that dice are gi ,0
"  john by alexandria draws clapback from her fans, another sell out https",0
some idiot decided to karate kick the mirror off my car last night ,0
"  john by alexandria draws clapback from her fans, another sell out https",0
"  john by alexandria draws clapback from her fans, another sell out https",0
you dick heads are useless my daughter has been trying to find where here fiance is after breaking down ,0
"  john by alexandria draws clapback from her fans, another sell out https",0
  others to get at your  ,0
"  john by alexandria draws clapback from her fans, another sell out https",0
"  those who make me  belong somewhere else i must release them silently, gently to eerience new ",0
  rehearsals going really well for tonight with the new drummer cant wait! ,0
"  john by alexandria draws clapback from her fans, another sell out https",0
"  john by alexandria draws clapback from her fans, another sell out https",0
 i would give anything to have been able to save my girl from dying and these people just kill beautiful cre ,0
 legacy of hate ,0
"troubled waters activities for , kids you can do now! ",0
as wesay a we mustcontinue2 &amp,0
 still not at amour yards 30-2 like you were supposed to ,0
anger not destroy me when im angry i destroy other but i can control on me ,0
just a lil more prepared   ,0
  the calmest head off i think ive ever seen ,0
"  john by alexandria draws clapback from her fans, another sell out https",0
i wonder how sh would feel left on the back porch in this heat for so long? ,0
palm coast woman charged with animal cruelty ,0
"  those who make me  belong somewhere else i must release them silently, gently to eerience new ",0
3 hours salvaging camping equipment for refugees at &amp,0
"new blog post concept blindness the inability to see one or another aspect of an idea, ",0
"  those who make me  belong somewhere else i must release them silently, gently to eerience new ",0
"  john by alexandria draws clapback from her fans, another sell out https",0
"  john by alexandria draws clapback from her fans, another sell out https",0
 successful ppl do have a duty to next generation to find those who struggle and sh ,0
 so so sad ,0
"  john by alexandria draws clapback from her fans, another sell out https",0
"  john by alexandria draws clapback from her fans, another sell out https",0
"  john by alexandria draws clapback from her fans, another sell out https",0
"  john by alexandria draws clapback from her fans, another sell out https",0
"  john by alexandria draws clapback from her fans, another sell out https",0
"  john by alexandria draws clapback from her fans, another sell out https",0
"  john by alexandria draws clapback from her fans, another sell out https",0
 what i find amazing is how some will get when they discover youve found from ,0
  its the year leak-iversery update still searching for the bastard who leaked our test footage onto the internet c,0
