"how to hold wants lightly we can avoid some pain, suffering, and frustration if we change the way we relate to our "
" along with challenges will come the unanticipated gifts of caregiving forgiveness, compassion, courage tha "
"dear , before you make an appointment to install my new service, please make sure you can hold the app "
"i care too much, and its starting to really bug me theres a whole lot of editing going on in my brain before tho "
  i had an amazing time with  it was a great birthday treat! i enjoyed it a lot!goddes was kind and gave me
i had an amazing time with  it was a great birthday treat! i enjoyed it a lot!goddes was kind and 
  is there an inanimate object youve yelled at before? what was the reason you yelled at said item? mine has been my ra
  brings out the best and worst in his oppenents playing him is like trying to climb a mounta 
how to  simple but effective steps 
"  i have to say, i like my new iphone , but do you know how many damn times ive left without that tiny white c"
" are you feeling overwhelmed and/or powerless? you are not alone, and i am here to help contact me -270-5 "
  diaborg pencil and gradient variation 
am i the only person that hates receiving from strangers? over and over and over? 
"yes, and yet again, this sh&amp;$^ window operating system just crashed--again it does not work on cheap cpus "
kristins daily impulse 
"  embrace the of a well timed  even if u dont agree w/ whats just been said - no, i take that back - espe"
is there an inanimate object youve yelled at before? what was the reason you yelled at said item? mine has been my 
" how do i just speak to a person , you try to deliver to the wrong house im not there, so youll try and d "
"whilst sql is very powerful i do wish it was more unified across different database servers, sometimes i forget tha "
"i have to say, i like my new iphone , but do you know how many damn times ive left without that tin "
its soo funny how one minute you can be in the best mood ever then it all changes within a sec !! 
"travelling by ? to avoid last minute , consider taking a rucksack over your wheeled cabin lugga "
"  hey making me watch the same ad, for any video i watch, will make me lose interest in it rather than making me in"
just remember were bread of those who voted for for years and what they get  
 &amp;the above five things are pa of and nobo 
  diaborg pencil and gradient variation 
"never give up, even if you have to step back for a minute "
"  frustrated academic writers, by helen sword, , &amp; madeleine ballard, in , "
  u to just it thank u bodybylulu for get 
"reduce of a long cycle by understanding your prospects needs and , and creating  "
 humiliation scars deeper than lash being 
rough sta to the day k walk to reduce  lets see how the rest of the day pans out 
theatre day having fun with colors!my interpretation of two different emotions &amp; all makeu 
"frustrated academic writers, by helen sword, , &amp; madeleine ballard, in ,  "
  this look perfectly captures how i felt on sunday at north 
sometimes you just gotta let it all go guest  frandesal  
"ugh! fml, forreal!!!  "
seriously drakes song is on repeat im upset 
diaborg pencil and gradient variation  
preview of new song   
you know youve spent way too long in the store when you cant find your vehicle after exiting 
"learning doesnt happen when cause , , , blame and to cloud the m "
my neighbours have sexagainit is so frustrating to listen to! i know locked me for a reason 
  
when the summer holiday season is officially over and you have to adjust your grandma driving style to ninja babydr 
"due my computer ejecting my hard drive, im trying to retrieve all my files all thousand of them  "
"learning doesnt happen when cause , , shame, blame and to cloud the mi "
  if your frustration could speak to you 
"   without , our souls begin to fill with , , and  c"
" without , our souls begin to fill with , , and  "
i love on the faces of dare 
" i need to repo a case, sent emails to your organisation already and yet to get a reply please do "
i havent cum in over three weeks and just saw released cum denial pt  fuck  
"ok cool didnt really want to run the analysis anyway no its fine, contacting esri is always super simple and no "
this look perfectly captures how i felt on sunday at north  
in which year asn-bwn run on time? 
maybe we dont need someone who has a response to all that we have to say but someone who will just patiently liste 
"nice of spins, waves and interactions at the  first session with non-colinear spin struc "
oi! have a word with your word grammar checker - prepositions do not go at the end of sentences! 
 i can not the our leos go thru daily when the is do fd up!!! 
annoying that mins of not really trying turns out great but hours of effo tends to go awful  
"once there is no enthusiasm, once there is a depression in you, there is no possibility of life when you say i am "
my life now for some reason 
ump ejects nationals reynolds twice video - via app 
"  embrace the of a well timed  even if u dont agree w/ whats just been said - no, i take that back - espe"
i have enough problems sleeping as it is right now i want to scream i know i have to wait until early afternoon t 
 that alerts are driving me fucking crazy deleted just out of = hour mormo 
incoming west bromwich albio 
  just wish the pile wasnt called  
so we meet again! 
"how to hold wants lightly we can avoid some pain, suffering, and frustration if we change the way we relate to our "
 where is my order?! 
" i placed an oder on august th on your web a few days later, i was informed that you sent out the wr "
 u to just it thank u bodybylulu for  
 jeff beat me by point and that the most points ive got this season 
smash rooms are breaking their way into orlando areawhat an interesting concept! we suppose it could be a decent 
 traveled from kuwait to jfk on flight ku117 on th july and my laptop was held in kuwait - handed m 
"  embrace the of a well timed  even if u dont agree w/ whats just been said - no, i take that back - espe"
every is and is written specifically towards your business  we do not use templates 
"  my wish for is to have one night where there isnt some random cheater, some person using racial slurs on prox chat"
 seems that board games can be a source of for many people after all! 
today i went to see a new patient i just love my job &amp; getting to know people who are so interesting its days li 
  they saidvote for change!go to college!get married!get a job!go to the diaspora!file with concou!go to church!gi
  thats it is done 
i can see my purchase in argos but i cant reach it definition of 
personal is directly to how you choose to to 
"  embrace the of a well timed  even if u dont agree w/ whats just been said - no, i take that back - espe"
  thats it is done 
how to overcome  simple but effective steps 
"  embrace the of a well timed  even if u dont agree w/ whats just been said - no, i take that back - espe"
"  embrace the of a well timed  even if u dont agree w/ whats just been said - no, i take that back - espe"
they saidvote for change!go to college!get married!get a job!go to the diaspora!file with concou!go to ch 
" out of the abundance of the hea, the mouth speaks "
"  embrace the of a well timed  even if u dont agree w/ whats just been said - no, i take that back - espe"
"  embrace the of a well timed  even if u dont agree w/ whats just been said - no, i take that back - espe"
"  embrace the of a well timed  even if u dont agree w/ whats just been said - no, i take that back - espe"
"embrace the of a well timed  even if u dont agree w/ whats just been said - no, i take that back - "
"it is crazy the fact , in this twisted hateful world ,this beautiful kind decent human being needs us fans to def "
 and the budget was relatively small very hard to build our creative industry at home when this happens 
i write way more thorough reviews for conference papers 
"when you have been telling someone something for years and they walk up to you and say, hey, i have had this great "
bbc news - minister nicolas resigns on live radio in / what did 
ilps rarely lead to anything useful; electronic ones even less so 
  surviving a failure gives you more selfconfidence failures are great learning tools but they must be kept to a minimum
"  my wish for is to have one night where there isnt some random cheater, some person using racial slurs on prox chat"
 this man is so pained 
"my wish for is to have one night where there isnt some random cheater, some person using racial slurs on pro "
  surviving a failure gives you more selfconfidence failures are great learning tools but they must be kept to a minimum
"i uploaded a new episode, being young is the hardest thing!, on  "
theres something equal pa and when youre something new 
it would seem that mr trumps white house is engaged in none other than a war against civil rights 
yep ive been there 
"pain, frustration, hungergod knows &amp; got my   "
"all the years of using windows , , , nt, , and , and i have never seen as many stop errors and bsods "
how to  simple but effective steps 
  with racism is coming to the box 
 with racism is coming to the box 
really wish cling film had a reset button 
introspection is the opposite of self-rejectiontranscend above    learn to 
self reflection transcend aboveintrospection is the oppossite of self-rejectio 
so much to get done before the semester starts next week and of course my level of focus today is around  
is there such a thing as sculptors block? im scared to do his face cause i might ruin it working on his wings i 
 why am i on hold for min to speak with an agent and have tried 
"hey making me watch the same ad, for any video i watch, will make me lose interest in it rather than makin "
when the wordpress white login screen of death hit 
can i ask why iphone/apple products continue to try to auto correct me when i know exactly what im typing? its f 
tomorrow is my second opinion dr visit so disney can actually treat me now hopefully! we will see months is too 
 i have no idea why these kinds of tech use keep getting good publicity why do people agree to give 
  thats it is done 
  theres a lot to be angry about 
if your frustration could speak to you 
gotta love the uselessness of when they sms to say your escalated query is resolved and its still not 
  do i want an a &amp; tell the prof what they want to hear or do i elain how i would really foster engagement? t
  were all dung beetles moving our dung around 
seriously? bad? 
were all dung beetles moving our dung around 
facebooks taken a step in australia as the social network has worked with pwc to put together a new repo which 
 do i want an a &amp; tell the prof what they want to hear or do i elain how i would really foster engage 
when youre in the middle of a field and appearsfun fact you cannot take a level raid solo  
"i def dont want be popular the more ppl i have talk &amp; listen , the more miserable ill be, &amp; im miserable e "
" we already know about the device list, and we have almost a year waiting for quality updates we consu "
" here we go again? for what, a piece of get a life lah thats what sports is all about!  "
its us football season again! cant wait hear a coworker pontificating about football a group of coworkers o 
surviving a failure gives you more selfconfidence failures are great learning tools but they must be kept to a 
 quite different from the beautifully restored gnr station at dundalk for which can be com 
are you in a trading slump? frustrated? read this blog and improve your learning curve read here 
"  feelings of and can become a problem when they are triggered far too readily, or result in violence h"
"for anyone wondering when i will be back to work, i wish i knew say they are now putting a rush on fi "
positive pochettino gives mourinho a lesson in crisis management  
"feelings of and can become a problem when they are triggered far too readily, or result in viol "
  the frustrating pa when you put so much hea and desire into things and feel like you are not wanted 
 the amount of teeth marks on our controller as kids!! 
 does not live alone it always lives with its dear friends and destruction ~sri chinmoy 
"if people are nasty, you can still be loving and show a way for them how to make it happen in your life? on your "
 another mess up 
its a tough world and we have to be persistent accept the frustration as a challenge - and love it 
divine is often personal  your frustrations is just a sign for your promotion 
thats it is done  
 no matter how hard things may seem theres always something good coming around the corner 
her death still haunts me !  
  when your dreams and reality dont match   
 why do i get itchy when my nails are drying?! 
 is different from frustration disappointment has external trigger about not achieving  
 whats going on guys app appears down getting page errors also please fix the proble 
  you ever just have this moment while ? 
 right now im seriously trying to remind myself of why i c 
sometimes it is best to stay quiet and turn your frustration to fuel actions speak louder than words  
  the learning disability statistics are appalling thank you for your work 
"dont be this person if you are, lets sta to develop you an exit strategy  "
" ich vermisse dich!!!the whole and aint much fun, "
  &amp; come from ~ buddha 
"the perplexus that perplexed uspictured hunter, becky, justin, &amp; rijosil_und   "
"the perplexus that perplexed uspictured hunter, becky, justin, &amp; rijosil_und   "
  &amp; come from ~ buddha 
  &amp; come from ~ buddha 
 &amp; come from ~ buddha 
" , i lost my mom for cancer i know the terrible feeling of like knowing that all our "
"  get those , ! "
i love but there has to be a way to easily tease out which books you have left unread so you can finally g 
"  get those , ! "
 amazonthis book me at a level i was the at 
so tired but i cant sleep
sunday  are you caught in a circle of and over the unfair circumstances of your l 
  writing picture books feels like solving the rubik cube with one half of the brain while trying to compose music with the
 is there anything going on with those battlefield servers i always get disconnect and it says i cannot go online 
"my daughter was at work yesterday so frustrated, when joy came on the overheard radio her work doesnt often pl "
 meanwhile benitez just played defense with men 
" just wondering how it has taken wks for a pa that never got, wks for cleaners and a lift that never "
   is this the story of the popes visit so far? in spanish there is a phrase estoy hecha una caca
"how to hold wants lightly we can avoid some pain, suffering, and frustration if we change the way we relate to our "
  when your dreams and reality dont match   
  when your dreams and reality dont match   
when your dreams and reality dont match   
   is this the story of the popes visit so far? in spanish there is a phrase estoy hecha una caca
frustrations speak what emotions buried down under cant  
   it related to has been by local many times however are
 personally i only ever say here let me do that if said person is making a right pigs ear out of s 
it said there was episodes there was only  that last episode made me i want more  
  writing picture books feels like solving the rubik cube with one half of the brain while trying to compose music with the
  - thank you! 
  writing picture books feels like solving the rubik cube with one half of the brain while trying to compose music with the
  writing picture books feels like solving the rubik cube with one half of the brain while trying to compose music with the
   is this the story of the popes visit so far? in spanish there is a phrase estoy hecha una caca
" why c an i all of a sudden to use your banking app? very frustrating, cant log in?? "
writing picture books feels like solving the rubik cube with one half of the brain while trying to compose music wi 
my points have disappeared! only points show in my account and no one has responded to an ema 
   is this the story of the popes visit so far? in spanish there is a phrase estoy hecha una caca
why would consciously film herself making such statement shes the kind of person youd use as bluepri 
  join people right now at audiophile frustration -end-audio 
join people right now at audiophile frustration -end-audio  
 it related to has been by local many times however 
 how many times have their been a runner on third with less than two outs and no score 
"  get those , ! "
cleaning is no way to spend yr lifebe a lazy fucking slob like me-confucius   
  u used have be quiet in libraries those days are long gone &amp; never returning there r libraries id like go but
u used have be quiet in libraries those days are long gone &amp; never returning there r libraries id like go 
"if u ride a loud motorcycle, yr bothering ppl like me &amp; yr scaring animals i hope u &amp; yr bike get squashed like bu "
 when people dont see the better alternative  
"you know why i need a roomba? because i need something else besides me, following my kids picking up the cheerios, "
 dammit! hes on my fantasy team! now im going to lose those potential points!!!! 
"  , , in  it yields better  &amp; bears "
   is this the story of the popes visit so far? in spanish there is a phrase estoy hecha una caca
all frustrations are self-induced  
" , , in  it yields better  &amp; bears "
   is this the story of the popes visit so far? in spanish there is a phrase estoy hecha una caca
   is this the story of the popes visit so far? in spanish there is a phrase estoy hecha una caca
   is this the story of the popes visit so far? in spanish there is a phrase estoy hecha una caca
   is this the story of the popes visit so far? in spanish there is a phrase estoy hecha una caca
   is this the story of the popes visit so far? in spanish there is a phrase estoy hecha una caca
   is this the story of the popes visit so far? in spanish there is a phrase estoy hecha una caca
   is this the story of the popes visit so far? in spanish there is a phrase estoy hecha una caca
 is this the story of the popes visit so far? in spanish there is a phrase estoy hecha un 
  
  when youre locked in chastity all it takes is a few well chosen words from me to take your frustration level from zer
  the learning disability statistics are appalling thank you for your work 
id like to have fast food lunch at 30 am! said no one everbreakfast is the only meal those places are good 
oh i wish there was a way to block all non ov films on prime the second time i accidentally rented a film thats o 
  when youre locked in chastity all it takes is a few well chosen words from me to take your frustration level from zer
"  having a creative block is the worst! you think you have an idea, get excited about creating it and then it falls dead in it"
  my_a 
venting frustration on traditional social media is a no-no- - 
so frustrated by aircanada never ever trust this airline again 
biting my lip here 
"having a creative block is the worst! you think you have an idea, get excited about creating it and then it falls d "
"  get those , ! "
  the learning disability statistics are appalling thank you for your work 
" , rrv and dsa , for a nose bleed , and we wonder why we struggle , call handers can deliver a baby over "
"  get those , ! "
 my_a 
 consists of getting protools to stop freakin out on me 
it is the state of constant and distress when we stand in front of our closets to up 
  the learning disability statistics are appalling thank you for your work 
"can we let go of e-mail already? few days out of office and there is some backlog down, few more to go  "
  wshukla sahab you were looking into it?? i want my phone by t
 why is the page automatically refreshing every minutes?! 
the simone zaza bar count is now up to this season 
  s talks about how in is associated w/ 
 please so out this issue you have in your app its been a problem all month making it impossible 
 s talks about how in is associated w/ 
 zero tolerance for sexual predators in the clergy should be common sense it shouldnt have to be 
the kind of day i had today !! 
argh! need vent!!!! 
"  we light the nation and our future is in dark, plz dont let the young professionals of leading maharatna co to suffer &amp; f"
" people are to caught up in the dem vs rep thing to think or see outside of the box, let a "
how to  simple but effective steps 
all frustrations are self induced  
should have gone to cyclub  thanks nicalexander1 for sharing!  repost  
pm threatens to take against  prime minister gen prayut chan-o-cha on friday vented 
how the f does my gf even allow this to happen? 
"  get those , ! "
"get those , !  "
"reduce of a long cycle by understanding your prospects needs and , and creating  "
just punched the wall haha 
 the first wh briefing in the trump era to make any sense at allgod bless the 
every single minute an enormous amount of and is generated as people have to use po 
 is the of 
turning and into 
our is greater when we have much and want more than when we have nothing and want some
when passwords you know are simple arent cracking
freestyle out now tap n youtube djgoonie  
 arises from the ethical of being unable to achieve what most entered the pr 
"  its disturbing that every disgruntled, or mentally disturbed person around the , now vents their by "
my passion did not wake me up today it kept me up cant wait any longer wanna go for a shoot out already 
 be a good boy blake and ill take you back to the courts soon for a vacation on your butt 
 i find your website so frustratingi have tried the past hour to order items i gave up  
why does the canada never seem to work when i go to it? 
there are people working at the pharmacy why does it take minutes to get my prescription filled? 
i whats probably the chapter in but its pretty much to with 
"most of the time - at most, with some hand-holding to get me to the point of on a complex ui or prec "
  when youre locked in chastity all it takes is a few well chosen words from me to take your frustration level from zer
when youre locked in chastity all it takes is a few well chosen words from me to take your frustration level from 
  somewhat delayed this evening due to the daughter taking hours and counting to eat sodding sausages! 
 somewhat delayed this evening due to the daughter taking hours and counting to eat sodding sausages! 
  i would like to be in one of those places where you get to throw shit around to break things like smashing plates in
"  its disturbing that every disgruntled, or mentally disturbed person around the , now vents their by "
trying to help child unsuspend a twitter account - all the parental consent documentation was sent on th augu 
another usb charging cord down the tubes! grrrrr! 
i would like to be in one of those places where you get to throw shit around to break things like smashing plates 
"though i dont love harsh tweets reading or writing them, its clear now that people did not listen to polite war "
 can u please fix the disney store couk so i can check out my order cannot be submitted and havent h 
 i think its her with always being shutdown and being right 
 urgh!! 
love seeing my chastity college boy doing gardening he is so pretty i made out with him before i sent him to the gardens 
oh my dayzzzzz i cant get enough of this video! too funny! rotfl!!! repost from lasisielenuzaddy palava 
  is it the weekend yet? 
i have been trying to get this fan to come apa off and on all morning i want to clean it its obviously filthy 
very frustrating and unprofessional behaviour of  they make your life hell  
what is the point of submitting a resume if i have to tell you again my work history? 
the whole concept of relationships is flawed its only natural we hate each other well all get on each others ne 
dissecting the word  throughout the workshop today with and how to avoid 
"i dont want to talk to, or listen to, at least % of ppl  "
from grad how to manage &amp; enjoy your brains chemistry!  
  just wish the pile wasnt called  
waiting to get into worse than the m25 this  
 standup and take charge of your and work with our president two years of for the 
"how to hold wants lightly we can avoid some pain, suffering, and frustration if we change the way we relate to our "
i wake up at so i can have quiet time to study for  of my sons decided to wake up at 15 today 
the church must be persuaded to accept + respect wordly rule of  the shielding of withi 
why does the alarm clock always go off just when youve hit the best bit of sleep and the most interesting pa of the dream? 
me waiting for therapy + medication to heal my depression pic from skellie ig 
"there needs to be some serious re-evaluation in the united states the way i see it, im told and reminded how bad a "
 i booked the mobile on th aug under prepaid mode which was supposed to be delivered on s 
im super to have another to deal with my and  and is 
the learning disability statistics are appalling thank you for your work 
compassion denied by  these are my words over being denied 
thinking of switching from to another carrier 
 just wish the pile wasnt called  
   wail 
"  i simply cannot get started writing!! i know what i need to do, but the brain seized up and i cant sta its a littl"
"i simply cannot get started writing!! i know what i need to do, but the brain seized up and i cant sta its a "
ffs send very loud music and cider asap 
"in the pursuit of while trying to understand n win over ones , the struggle with being menta "
holy hell sucks so badly bunch of  none of them know wtf they are doing &amp; you 
   wail 
i am an citizen in and having a real awesome time trying to get rights recognized f 
"$cvsi tried riding the trend and bought today $755 at the open, then it dropped i had a stop set but due to this "
 hi ms cupcake! i enjoy your articles on  id like you to check out s  
 wshukla sahab you were looking into it?? i want my phone 
 whats good sir? i enjoy your articles on  id like you to check out s vide 
  its easy to judge what you have no idea about  
  waiting pro tools load is like watching paint dry
  its easy to judge what you have no idea about  
  its easy to judge what you have no idea about  
   wail 
"more responsibilities, and no raise ? yea thats cool  "
on frustration  
 where are my points?? where are my room upgrades for being a platinum me 
you can google whole sentences with very reasonable resultsbut combining two hashtags on the instagram-search is 
235 wail 
 had one job and faileda full frame mirror less camera at last but cant understand for the life of me why 
$104million on /charges; $108million on ; $189million on income from  
its easy to judge what you have no idea about  
 even in shadow is working its magic on my internet platformoh baby ci 
 i still dont understand when the person calls in before they go live to ask if they have checked the w 
"trap after day, me and cat hate yellow jackets   "
" can mask a lot of other eressions including , indifference, and even depression "
 reduce the stress and pain
"weve been thankfully having a bit of cool, but that doesnt mean tempers always match that check out this blog ab "
"weve been thankfully having a bit of cool, but that doesnt mean tempers always match that check out this blog ab "
love this design to the trials &amp; tribulations of self employment  
"save , avoid dont shop !!!  "
who decided to give pens the ability to choose when they would and wouldnt work?  
there have been more bumps in the road during this move than i can count not having control in this situ 
not quite finished this topper but i need to walk awayi will finish it tomorrow 
i just want to paint! why wont my pen tablet let me do my job?! 
 this track is ! peep the cool new music video for the homie s latest joint p 
  when a small girl decides to leave a big god my reaction when she decides to leave to be continued tag them
"learn care ur inner every someone or something is able ur &amp; , ur "
this is life and its dope so relatable thank you  a reminder today and going forward 
"some japanese animes are great, but i am so tired of watching a -min episode and most of it is drawn-out, nonsens "
" wasting time w unresponsive, incomprehensible tech suppo  "
 one hour of chatting w a clueless tech from microsoft office at  no help absol 
 minutes without any assistance from ken who hardly speaks english  
 cancellations the day before a shoot gif via 
thanks for the retweet oh and you might want to check out this video if you know a who suffers 
  waiting pro tools load is like watching paint dry
todays mood 
"aligner doesnt fit, tried booking a video with dr, took month of emails! then no one showed up to the call! ter "
victim to the spreadsheet bug? find out how spreadsheets are creating havoc for construction projects and the innov 
  theres a lot to be angry about 
when you do things eecting the result or the to be right away or to be exactly as you want can lead to a 
i am on a relatively simple train journey birmingham to london but the wi-fi is either very slow or not working i 
hitting me hard trying to log into my email accounts any suggestions on what to do cuz i really cant get in tried 
"this is my ,000th tweet, &amp; ill celebrate by taking a dump &amp; wiping my ass for the billionth time "
" how i wish i could cop this pair effortlessly i love your shoe creations, but buying your yeezy shoes "
 it is hard to understand what rogan doesnt want to have a real conversation a 
how to  simple but effective steps 
 the big issue with this interview is that it feels like jeremy thinks hes in a position to negotiate 
  transforming a private into an easy  
transforming a private into an easy  
transforming a private into an easy  
when your a shift manageremployees can make you soooooo  
"how to hold wants lightly we can avoid some pain, suffering, and frustration if we change the way we relate to our "
"how confident are you in resolving difficulties with colleagues? in this article, i speak on how to approach diffic "
 the leader is key to new policies and party direction i perso 
  how can you say the were not needed and you had enough searchers if this was not pa of the initial days?sou
  how can you say the were not needed and you had enough searchers if this was not pa of the initial days?sou
  at least nobody can give you bad advice? 
  at least nobody can give you bad advice? 
at least nobody can give you bad advice?  
  jan and bill love to go on cruises but when bill collapsed and went to the hospital the couple spent a year sailing th
  jan and bill love to go on cruises but when bill collapsed and went to the hospital the couple spent a year sailing th
not sure what mood this is but it describes how im feeling today  
jan and bill love to go on cruises but when bill collapsed and went to the hospital the couple spent a year sailin 
defeat &amp; frustration tonight much largely down to decision which led to a ridicolous situationnot taking nothi 
when frustrated and weary take time to accept that there is no such thing as an insurmountable mountainyou mere 
i laugh at my demons and then go break stuff dealing with your feelings and then doing the right thing is hard  
"lifelines when knitting lace, i need to use lifelines i just unknit rows of lace sigh "
  u rcrossing ur lines since142
one no ball can extend whole day 
when you get managed to out cook early but now you cant get out adil rashid 
i can not describe how frustrating it is playing top trumps with a little one that doesnt know her numbers im a 
"bad for seat assignments on  they need a consultant on communication, assignment &amp; fairness "
 yessss thank you 
" likes to break stuff when he gets mad im a little jealous i didnt get to make it to this shoot, breakin "
sometimes i feel like the chillest angry dude in the world caution contents under pressure  
 trying to call different societies for advise on aspergers son sit waiting for or numbers 
"good morning dear, 2 parts not so funny story about what i thought about this song in , relating to can "
 it looks like we are stuck with this administration until at least january  sad
"he may hide out amongst the community, but obstacles is always lurking, ready to discourage your every attempt at s "
"includes little meerkats big panic about and calm and crabby about , and "
how to prevent as you learn to the online on com at 
how to prevent as you learn to the online on com at 
  u rcrossing ur lines since142
  u rcrossing ur lines since142
 u rcrossing ur lines since142 
"  deplorable service! tellers, only one open and more than people on the line!!! "
so i order an item days ago for c&amp;c and its still not in-store for collection whats going on 
anyone else struggling with broadband? i cant even get it installed!! 
"  crazy obstacles on that route,parked cars and adve signage! "
 and i are coming!  
  its so frustrating and maddening when you are in the middle of a scene and theres two ways it can go you think about fo
finding a cpa entrepreneur is like finding a unicorn why is it so hard? get out of billable/non-billable world and 
50% off sale at not really a valid sale when the website wont let us load our design  
"  pa , students must rebuild another groups lego sculpture from their blueprint "
  a video i did re coping with frustration its 42 in length too long for twitter its on my ig tv though if you are on
 i understand you guys fighting crime etc but its been over yrs and still no grat 
"after weeks at this point of trying to keep my right leg strong and underneath me, it would be really nice if som "
"fuck me another challenge these are just a must you have to try, i look ridiculous &amp; its possibl "
"to conquer frustration, one must remain intensely focused on the outcome, not the obstacles tf hodge, from wit "
carvana website is so difficult to use! 
"  deplorable service! tellers, only one open and more than people on the line!!! "
