"b'How to Hold Wants Lightly. We can avoid some pain, suffering, and frustration if we change the way we relate to our... https://t.co/33ecAFjc2t'"

"b""'... along with challenges will come the unanticipated gifts of caregiving  forgiveness, compassion, courage  tha... https://t.co/2v1NCckSjb"""

"b'Dear @FrontierCorp, before you make an appointment to install my new service, please make sure you can hold the app... https://t.co/mDfgQkhhVP'"

"b""I care too much, and it's starting to really bug me. There's a whole lot of editing going on in my brain before tho... https://t.co/S7ZSK7MTBq"""

b'RT @LitenTrell: I had an amazing time with @XsweetReginaX . It was a great birthday treat! I enjoyed it a lot!\n\nGoddes was kind and gave me...'

b'I had an amazing time with @XsweetReginaX . It was a great birthday treat! I enjoyed it a lot!\n\nGoddes was kind and... https://t.co/Lgsl3mtls8'

"b""RT @vampirekangaroo: Is there an inanimate object you've yelled at before? What was the reason you yelled at said item? Mine has been my ra..."""

b'#USOpen2018\n \n#Federer brings out the best and worst in his oppenents. Playing him is like trying to climb a mounta... https://t.co/P4qdyHzZ3u'

b'How to #Overcome #Frustration: 3 Simple but Effective Steps https://t.co/zVd5VAVsHj https://t.co/Gi6i8seKEX'

"b'RT @klenicles: I have to say, I like my new @AppleSupport iPhone 8, but do you know how many DAMN times Ive left without that tiny white c...'"

"b' Are you feeling overwhelmed and/or powerless? You are not alone, and I am here to help. \nContact me:  407-270-5... https://t.co/LmjHIhjcSF'"

b'RT @mrpickers: Diaborg (pencil and gradient variation)\n#body #cyborg #tinman #oz #latenight #research #metaphor #frustration #ideas #perc...'

b'Am I the only person that hates receiving #coldcalls from strangers? Over and over and over? #frustration #annoying #timewasted'

"b'Yes, and yet again, this Sh&amp;$^#@# Window Operating system just crashed--again. It does not work on cheap CPUs.... https://t.co/NjXhh8t60g'"

"b""Kristin's daily impulse #22 #Frustration #frustrationtolerance #resistance #Transformation https://t.co/1X33HjNH2j https://t.co/wK2xztIEGQ"""

"b""RT @RealJudgeLynn: Embrace the #beauty of a well timed #Pause. Even if u don't agree w/ what's just been said - no, I take that back - espe..."""

"b""Is there an inanimate object you've yelled at before? What was the reason you yelled at said item? Mine has been my... https://t.co/eZKhtM6d4l"""

"b'@DPD_UK  how do I just speak to a person , you try to deliver to the wrong house Im not there, so youll try and d... https://t.co/YCIvQCwsfv'"

"b'Whilst SQL is very powerful I do wish it was more unified across different database servers, sometimes I forget tha... https://t.co/zhdpuFWnzL'"

"b'I have to say, I like my new @AppleSupport iPhone 8, but do you know how many DAMN times Ive left without that tin... https://t.co/3yIFpTuFBg'"

"b""It's soo funny how  one minute you can be in the best mood ever  ..then it all changes within a sec !! #frustration #lifeofaSHERBETaddict"""

"b'Travelling by #easyjet? To avoid last minute #frustration, consider taking a rucksack over your wheeled cabin lugga... https://t.co/AUUVZpkwcK'"

"b'RT @jatinshah_1: hey @YouTube making me watch the same ad, for any video i watch, will make me lose interest in it rather than making me in...'"

b'Just remember #Bhakts were bread of Those who voted for @INCIndia for 60 years and what they Get #Corruption #Scams... https://t.co/yeq6zmLImw'

b'#Mistakes\n#Failures\n#Insult\n#Frustration &amp;\n#Rejection\n\nThe above five things are part of #Progress and #Growth nobo... https://t.co/wlmYCqPCIN'

b'RT @mrpickers: Diaborg (pencil and gradient variation)\n#body #cyborg #tinman #oz #latenight #research #metaphor #frustration #ideas #perc...'

"b'Never give up, even if you have to step back for a minute #lifelessons #frustration #ifixedit'"

"b'RT @HERDJournal: Frustrated academic writers, by Helen Sword, @EvijaT, &amp; Madeleine Ballard, in @HERDJournal, https://t.co/jc6qVwOvL8 #frust...'"

b'RT @MYOCORTEX: #sometimes u #need to just #band it #out                                    Thank u bodybylulu for #helping #me get #o...'

"b""Reduce #frustration of a long #sales cycle by understanding your prospect's needs and #goals, and creating #value.... https://t.co/PPadMy2Ox2"""

b'#A humiliation scars deeper than lash #hurt #frustration being #disrespected https://t.co/udWitICCx2'

"b""Rough start to the day. 10k walk to reduce #frustration. Let's see how the rest of the day pans out.\n#needsomeaction #stillHOTaf"""

b'Theatre day 9\nHaving fun with colors!\nMy interpretation of two different emotions #frustration &amp; #sadness all makeu... https://t.co/EGrQOCcQhy'

"b'Frustrated academic writers, by Helen Sword, @EvijaT, &amp; Madeleine Ballard, in @HERDJournal, https://t.co/jc6qVwOvL8... https://t.co/aigFTq9wWw'"

b'RT @fearfighterfit: This look perfectly captures how I felt on Sunday at #MudHero #Toronto North  #ocr #legendborne #legendborneambassado...'

b'Sometimes you just gotta let it all go.  Guest : @va.frandesal #anger #issues #yelling #frustration #manga... https://t.co/C894mWrLjt'

"b'Ugh! FmL, forreal!!! #SisterLocs #SisterLocks #MicroLocs #LocJourney #LocLoss #Feelings #Sadness #Pain #Frustration... https://t.co/tKF9srO4Ta'"

b'Seriously. Drakes song is on repeat. Im upset. #frustration #tryingtoletgoletGod'

b'Diaborg (pencil and gradient variation)\n#body #cyborg #tinman #oz #latenight #research #metaphor #frustration... https://t.co/2U4NNq4gPe'

b'Preview of New Song #FRUSTRATION\n#beats #for #sale #producers #rappers #artists #trap #brysontiller #type #beats... https://t.co/2mQc3cvsm4'

"b""You know you've spent way too long in the store when you can't find your vehicle after exiting. #frustration #panic"""

"b'Learning doesnt happen when #mistakes cause #frustration, #disappointment, #shame, blame and #guilt to cloud the m... https://t.co/HojY3ehlOU'"

b'My neighbours have sex...again.....it is so frustrating to listen to! I know @XsweetReginaX locked me for a reason... https://t.co/KrbgxAUGdd'

b'#FRUSTRATION #NEWMUSIC #EXCLUSIVE #LEAK #SNEAKPEAK #SAMPLE #PRAISEGOD #FLSTUDIO12 #DISTROKID #SPOTIFY #AMAZON... https://t.co/srNuEi5diO'

b'When the summer holiday season is officially over and you have to adjust your grandma driving style to ninja babydr... https://t.co/dCNwbScIht'

"b""Due my computer ejecting my hard drive, I'm trying to retrieve all my files all 74 thousand of them. #frustration... https://t.co/9LyxlfxcyK"""

"b'Learning doesnt happen when #mistakes cause #frustration, #disappointment, shame, blame and #guilt to cloud the mi... https://t.co/3Td6RQVegj'"

b'RT @ericksoncoaches: If Your Frustration Could Speak To You. https://t.co/lr9Dbqm8Jq #lifecoach #awareness #frustration https://t.co/4GU0zG...'

"b'RT @BobTimeCoaching: #RediscoverYou:  Without #forgiveness, our souls begin to fill with #anger, #resentment, #frustration and #anxiety. (c...'"

"b'#RediscoverYou:  Without #forgiveness, our souls begin to fill with #anger, #resentment, #frustration and #anxiety.... https://t.co/yz00P28DWZ'"

b'I Love #Disappointment #Anger  #Frustration On The Faces Of #Naysayers #Doubters #Destiny #JourneyKillersHow Dare... https://t.co/E2ax535kDz'

"b'@SERAPNigeria I need to report a case, sent emails to your organisation already and yet to get a reply.\n\n Please do... https://t.co/FD7mYiGdhM'"

"b""I haven't cum in over three weeks... and just saw @Princess_lyne released cum denial pt 9. Fuck... #blueballs... https://t.co/KmelN8e4A1"""

"b""ok cool. didn't really want to run the analysis anyway. no it's fine, contacting ESRI is always super simple and no... https://t.co/9LIueWXein"""

b'This look perfectly captures how I felt on Sunday at #MudHero #Toronto North  #ocr #legendborne... https://t.co/SzgbDtP3nF'

b'In which year 63522 Asn-bwn run on time?#frustration #IndianRailways  #PMOIndia #piyushgoyal'

"b""Maybe we don't need someone who has a response to all that we have to say but someone who will just patiently liste... https://t.co/wYKxz1zT6I"""

"b'Nice #kickoff of spins, waves and interactions 2018 at the #KruppKolleg. First session with non-colinear spin struc... https://t.co/jlEgGAAWvS'"

b'Oi! @Microsoft Have a word with your Word grammar checker - prepositions do NOT go at the end of sentences! #frustration'

b'@BlueLineRookie I can NOT #imagine the #frustration our LEOs go thru daily when the #JusticeSystem is do fd up!!!... https://t.co/UAqqqmmBU6'

b'Annoying that 10 mins of not really trying turns out great but hours of effort tends to go awful... #study #sketch... https://t.co/EaLj9uCP6v'

"b'Once there is no enthusiasm, once there is a depression in you, there is no possibility of life. When you say I am... https://t.co/JJ3KPVslrI'"

b'My Life Now for some reason #frustration #nosleep #newnormal https://t.co/lze24TmTNm'

"b""Ump ejects Nationals' Reynolds... twice Video - via @ESPN App #frustration  https://t.co/bRI2MWlPEA"""

"b""RT @RealJudgeLynn: Embrace the #beauty of a well timed #Pause. Even if u don't agree w/ what's just been said - no, I take that back - espe..."""

b'I have enough problems sleeping as it is. Right now I want to scream. I know I have to wait until early afternoon t... https://t.co/tWjE2VOKHA'

b'@AppStore That alerts are driving me fucking crazy  \nDeleted just out of #sheer #frustration #24me = 24 hour mormo... https://t.co/9hnbPHvu6z'

b'Incoming... #closeshave #duck #smashit #missed #frustration #football #photography #instagood @ West Bromwich Albio... https://t.co/FTYgk2gvzD'

"b""RT @CherylJoyFish: @Karen_E_Bender Just wish the pile wasn't called #slush. #amwriting  #amquerying #frustration"""

b'So we meet again...! #exhaust #frustration #heavybag #bangbang #hitlikeme #thisiswhatidoes #whatdoyoudo #everlast https://t.co/mQEP8IwcX6'

"b'How to Hold Wants Lightly. We can avoid some pain, suffering, and frustration if we change the way we relate to our... https://t.co/hLTopyhTp1'"

b'@stadiumgoods Where is my order?! #frustration #howlongdoesittaketoshiptocalifornia #20daysstillnoshoes https://t.co/DasQsRydrb'

"b'@stadiumgoods I placed an oder on August 8th on your web. A few days later, I was informed that you sent out the wr... https://t.co/FhIGBQ2PZJ'"

b'#sometimes u #need to just #band it #out                                    Thank u bodybylulu for #helping... https://t.co/pg1tQtHqsR'

b'@Super6 @htafcdotcom Jeff beat me by 1 point and that the most points Ive got this season #Frustration'

b'Smash rooms are breaking their way into Orlando area\n\nWhat an interesting concept! We suppose it could be a decent... https://t.co/wlhxCMlR1N'

b'@KuwaitAirways traveled from Kuwait to JFK on flight KU117 on 29th July and my laptop was held in Kuwait - handed m... https://t.co/0eY2h3IyJf'

"b""RT @RealJudgeLynn: Embrace the #beauty of a well timed #Pause. Even if u don't agree w/ what's just been said - no, I take that back - espe..."""

b'Every #businessplan is #unique and is written specifically towards YOUR business #goals. We do not use templates.... https://t.co/ST7lomV4Ne'

"b""RT @RStarphoenix: My wish for @H1Z1 is to have one night where there isn't some random cheater, some person using racial slurs on prox chat..."""

b'@gallianstone Seems that board games can be a source of #frustration for many people after all! #territorial #AXSChat'

b'Today I went to see a new patient. I just love my job &amp; getting to know people who are so interesting. Its days li... https://t.co/bNVNwaaCqv'

b'RT @phiniassZW: THEY SAID:\nVote for change!\nGo to College!\nGet married!\nGet a job!\nGo to the Diaspora!\nFile with ConCourt!\nGo to Church!\nGi...'

"b""RT @FestivalSherpa: #SherpFunnies\n\nThat's it. #Kiki is DONE.\n\n#KikiDanceChallenge #KikiDoYouLoveMe #KikiChallenge #InMyFeelingsChallenge #I..."""

b'I can see my purchase in Argos but I cant reach it. Definition of #frustration https://t.co/wxpujGH0ZQ'

b'Personal #happiness is directly #related to how you choose to #respond to #frustration.'

"b""RT @RealJudgeLynn: Embrace the #beauty of a well timed #Pause. Even if u don't agree w/ what's just been said - no, I take that back - espe..."""

"b""RT @FestivalSherpa: #SherpFunnies\n\nThat's it. #Kiki is DONE.\n\n#KikiDanceChallenge #KikiDoYouLoveMe #KikiChallenge #InMyFeelingsChallenge #I..."""

b'How to Overcome #Frustration: 3 Simple but Effective Steps https://t.co/2nSI8yhUY7 #Motivation'

"b""RT @RealJudgeLynn: Embrace the #beauty of a well timed #Pause. Even if u don't agree w/ what's just been said - no, I take that back - espe..."""

"b""RT @RealJudgeLynn: Embrace the #beauty of a well timed #Pause. Even if u don't agree w/ what's just been said - no, I take that back - espe..."""

b'THEY SAID:\nVote for change!\nGo to College!\nGet married!\nGet a job!\nGo to the Diaspora!\nFile with ConCourt!\nGo to Ch... https://t.co/LcthtS4xRt'

"b'@BettyIrabor @Omojuwa Out of the abundance of the heart, the mouth speaks. #frustration'"

"b""RT @RealJudgeLynn: Embrace the #beauty of a well timed #Pause. Even if u don't agree w/ what's just been said - no, I take that back - espe..."""

"b""RT @RealJudgeLynn: Embrace the #beauty of a well timed #Pause. Even if u don't agree w/ what's just been said - no, I take that back - espe..."""

"b""RT @RealJudgeLynn: Embrace the #beauty of a well timed #Pause. Even if u don't agree w/ what's just been said - no, I take that back - espe..."""

"b""Embrace the #beauty of a well timed #Pause. Even if u don't agree w/ what's just been said - no, I take that back -... https://t.co/D0vnOHEGYr"""

"b'It is crazy the fact , in this twisted hateful world ,this beautiful kind decent human being needs us (fans) to def... https://t.co/hdOMJUQ3tQ'"

b'@ConKennedy And the budget was relatively small. Very hard to build our creative industry at home when this happens... https://t.co/LzQEuwz3Z4'

b'I write way more thorough reviews for conference papers. #frustration'

"b'When you have been telling someone something for years and they walk up to you and say, ""Hey, I have had this great... https://t.co/tFTSqK9tn6'"

b'BBC News - #French minister Nicolas #Hulot resigns on live radio in #frustration https://t.co/2MXpNswsko / What did... https://t.co/YGcARNQdNZ'

b'ILPs rarely lead to anything useful; electronic ones even less so. #frustration'

"b'RT @adrianhayes: ""Surviving a failure gives you more selfconfidence. Failures are great learning tools... but they must be kept to a minimum...'"

"b""RT @RStarphoenix: My wish for @H1Z1 is to have one night where there isn't some random cheater, some person using racial slurs on prox chat..."""

b'@PremLeaguePanel @Akinkuadedare19 This man is so pained. #frustration'

"b""My wish for @H1Z1 is to have one night where there isn't some random cheater, some person using racial slurs on pro... https://t.co/ITmzTb0S3H"""

"b'RT @adrianhayes: ""Surviving a failure gives you more selfconfidence. Failures are great learning tools... but they must be kept to a minimum...'"

"b'I uploaded a new episode, ""BEING YOUNG IS THE HARDEST THING!"", on #spreaker #america #freecircle #frustration #god... https://t.co/0fjBCoBvey'"

"b""There's something equal part #frustration and #excitement when you're #learning something new #reactjs #javascript https://t.co/BR9jEk1LPt"""

b'It would seem that Mr. Trumps White House is engaged in none other than a war against civil rights.... https://t.co/dmbrexoVZP'

"b""Yep. I've been there :( #Alz #dementia #care #frustration https://t.co/7RwfGqMUhI"""

"b'Pain, Frustration, Hunger....God knows &amp; Got my 6.   #football #nassaulions #nassaufootball #blessed #underdog... https://t.co/Bu27EeX3Ri'"

"b'All the years of using Windows 3.1, 95, 98, NT, 2000, XP and 7, and I have never seen as many stop errors and BSODs... https://t.co/2jM2BhyAEl'"

b'How to #Overcome #Frustration: 3 Simple but Effective Steps https://t.co/zVd5VBd3yR https://t.co/JA1JmupY3L'

b'RT @redhed67: #Frustration With Racism Is Coming to the #Ballot Box \n\nhttps://t.co/ezY5nk3i3f'

b'#Frustration With Racism Is Coming to the #Ballot Box \n\nhttps://t.co/ezY5nk3i3f'

b'Really wish cling film had a reset button #frustration #FirstWorldProblems https://t.co/lcjfquYG9k'

b'Introspection is the opposite of self-rejection\n\nTranscend above:\n#fear \n#doubt \n#blame \n#frustration \n\nLearn to:... https://t.co/0I1YCBMVBw'

b'Self Reflection. Transcend above:\n#fear\n#doubt\n#frustration\n#blame\n\nIntrospection is the oppossite of self-rejectio... https://t.co/LWSnKq4Irv'

b'So much to get done before the semester starts next week. And of course my level of focus today is around 0.... https://t.co/iwMW8NX87M'

"b""Is there such a thing as sculptors block?  I'm scared to do his face cause I might ruin it working on his wings. I'... https://t.co/O4EmgYXlj2"""

b'@telusmobility why am I on hold for 45 min to speak with an agent  and have tried 4 xs  #frustration #annoying #waiting'

"b'hey @YouTube making me watch the same ad, for any video i watch, will make me lose interest in it rather than makin... https://t.co/Hn8dB7zR6g'"

b'When the Wordpress white login screen of death hit:\n#website #coding #frustration https://t.co/m6mQ6GJrTn'

"b""Can I ask why iPhone/Apple products  continue to try to auto correct me when I know exactly what I'm typing? It's f... https://t.co/9kzCMNVbsj"""

b'Tomorrow is my second opinion dr visit so disney can actually treat me now hopefully!  We will see. 8 months is too... https://t.co/SlRGTFuO9e'

b'@Livingstone_S I have no idea why these kinds of tech use keep getting good publicity.  Why do people agree to give... https://t.co/RuwuvzvpIY'

"b""RT @FestivalSherpa: #SherpFunnies\n\nThat's it. #Kiki is DONE.\n\n#KikiDanceChallenge #KikiDoYouLoveMe #KikiChallenge #InMyFeelingsChallenge #I..."""

"b""RT @22_Minutes: There's a lot to be angry about.\n\n#yoga #endoftheworld #angryyoga #yogainspiration #frustration #yogalove #yogalife #wellne..."""

b'If Your Frustration Could Speak To You. https://t.co/lr9Dbqm8Jq #lifecoach #awareness #frustration https://t.co/4GU0zGsqPP'

"b""Gotta love the uselessness of @Vodacom111 when they sms to say your escalated query is resolved and it's STILL NOT... https://t.co/rnxINejxRq"""

b'RT @SenseiCindy: #Frustration do I want an A &amp; tell the prof what they want to hear OR do I explain how I would really foster engagement? T...'

"b""RT @TheBaldVegan: we're all dung beetles: moving our dung around\n#Frustrating #frustration #antinatalism #misery https://t.co/cdrpNe9J8I"""

b'Seriously? 1 bad? #frustration https://t.co/Q0IJAlgyWd'

"b""we're all dung beetles: moving our dung around\n#Frustrating #frustration #antinatalism #misery https://t.co/cdrpNe9J8I"""

b'Facebooks taken a step (in Australia) as the social network has worked with PwC to put together a new report which... https://t.co/k2zKQtzkMm'

b'#Frustration do I want an A &amp; tell the prof what they want to hear OR do I explain how I would really foster engage... https://t.co/3aBXHNCpdu'

"b""When you're in the middle of a field and #hooh appears...fun fact: you cannot take a level 5 raid solo \n#pokemongo... https://t.co/f83ChyB2W3"""

"b""i def don't want 2 be popular. the more ppl i have 2 talk &amp; listen 2, the more miserable i'll be, &amp; i'm miserable e... https://t.co/9ltaXTjTiw"""

"b'@MotorolaUS We already know about the device list, and we have almost a year waiting for Quality Updates. We (consu... https://t.co/SkKFTEpa5i'"

"b""@DedePramayoza here we go again? \n\nfor what, a piece of  \n\nget a life lah. that's what sports is all about! #drama... https://t.co/dFyrIOdjQn"""

"b""it's (US) football season again! can't wait 2 hear a coworker pontificating about football 2 a group of coworkers o... https://t.co/rhrRJMUgOk"""

"b'""Surviving a failure gives you more selfconfidence. Failures are great learning tools... but they must be kept to a... https://t.co/YU6zKy2Aw5'"

b'@Andrew_Adonis Quite different from the beautifully restored GNR station at Dundalk for which @IrishRail can be com... https://t.co/VKljna05hr'

b'Are you in a trading slump? Frustrated? Read this blog and improve your learning curve \nRead here:... https://t.co/JeIhYcjUKL'

"b'RT @PrioryGroup: Feelings of #frustration and #anger can become a problem when they are triggered far too readily, or result in violence. H...'"

"b'For anyone wondering when I will be back to work, I wish I knew. @IMVimaging  say they are now putting a rush on fi... https://t.co/T5S5xwBgF1'"

b'Positive Pochettino gives Mourinho a lesson in crisis management\n#Football #Management #UK #Field #Training... https://t.co/NyBRv1qwaV'

"b'Feelings of #frustration and #anger can become a problem when they are triggered far too readily, or result in viol... https://t.co/jhXyucWQ4O'"

b'RT @SuShreedeep: The frustrating part when you put so much heart and desire into things and feel like you are not wanted. \n\n#frustration\n#d...'

b'@IL0VEthe80s The amount of teeth marks on our controller as kids!!  #Frustration'

"b'""#Ego does not live alone. It always lives with its dear friends: #frustration and destruction."" ~Sri Chinmoy #innerpeace #quote'"

"b'If people are nasty, you can still be loving and show a way for them. \nHow to make it happen in your life? On your... https://t.co/u7Kvjvnjpn'"

b'@Ryanair another mess up #frustration #delays'

"b""It's a tough world and we have to be persistent. Accept the frustration as a challenge - and  love it #frustration https://t.co/bRnU6PgXL1"""

b'Divine #promotion is often #preceeding personal #frustration. Your frustrations is just a sign for your promotion.... https://t.co/o8hoz5OeYy'

"b""#SherpFunnies\n\nThat's it. #Kiki is DONE.\n\n#KikiDanceChallenge #KikiDoYouLoveMe #KikiChallenge... https://t.co/OZGjJx0JIz"""

"b""#BePositive #Befighter \nNo matter how hard things may seem. There's always something good coming around the corner... https://t.co/x4syaXTstt"""

b'Her Death Still Haunts Me ! #horror #death #suicide #depression #anger #frustration #grief #hatingyou... https://t.co/pTGh8CT4ov'

"b""RT @suzta_rml: When your dreams and reality don't match.. \n#frustration \n#desperation \n#sadness"""

b'#beautythought why do I get itchy when my nails are drying?!  #manicure #frustration'

b'#Disappointment is different from Frustration. Disappointment has external trigger  about not achieving #something... https://t.co/APs2STBXMW'

"b""@CraveTVCanada what's going on guys. App appears down. Getting page errors. #frustration also please fix the proble... https://t.co/YgUQKUe4Js"""

b'RT @Takengamer_tv: You ever just have this moment while #gaming? #callofduty #ps4 #xbox #treyarch @CallofDuty #hilarious #blackops4 #BlackO...'

"b""#examinduced #insomnia #placementallocation #frustration right now I'm seriously trying to remind myself of why I c... https://t.co/n19vkuz4Vc"""

b'Sometimes it is best to stay quiet and turn your frustration to fuel. Actions speak louder than words. #frustration... https://t.co/V3kPX7wO5x'

b'RT @Jenalynm: The learning disability #LD statistics are appalling.  https://t.co/yhYCDwmfdC  Thank you @ehanford for your work.  #schoolan...'

"b'Dont be this person. If you are, lets start to develop you an exit strategy.\n\n#Work #Job #Sunday #Monday #Career... https://t.co/0o6wpvan4H'"

"b""#Aachen ich vermisse dich!!!\n\nthe whole #placementallocation #frustration and #examstress #insomnia ain't much fun,... https://t.co/Vw4u6G3YQB"""

b'RT @awilkinso: #frustration &amp; #worry come from #desire ~ Buddha https://t.co/2deJ30VTSs'

"b'The Perplexus That Perplexed Us\nPictured: Hunter, Becky, Justin, &amp; Rijo\n\nsil_und \n#silund \n#silund2018... https://t.co/wCw2ep9DF0'"

"b'The Perplexus That Perplexed Us\nPictured: Hunter, Becky, Justin, &amp; Rijo\n\nsil_und \n#silund \n#silund2018... https://t.co/q6Sa3qSj2S'"

b'RT @awilkinso: #frustration &amp; #worry come from #desire ~ Buddha https://t.co/2deJ30VTSs'

b'RT @awilkinso: #frustration &amp; #worry come from #desire ~ Buddha https://t.co/2deJ30VTSs'

b'#frustration &amp; #worry come from #desire ~ Buddha https://t.co/2deJ30VTSs'

"b'@MeghanMcCain , I lost my mom for cancer ..I know the terrible feeling of #frustration  .Like knowing that ALL our... https://t.co/jtnNLwwbUP'"

"b'RT @stokerponshock: Get those #chips, #Keely! #Prideland #snacks #food #lion #lions #frustration #bag #tough #sisters #Jordyn #cartoon #com...'"

b'I love @audible but there HAS to be a way to easily tease out which books you have left unread so you can finally g... https://t.co/KgVDfzzZWh'

"b'RT @stokerponshock: Get those #chips, #Keely! #Prideland #snacks #food #lion #lions #frustration #bag #tough #sisters #Jordyn #cartoon #com...'"

b'https://t.co/O0qU9BhYT1 Amazon\nThis book #affected me at a #profound level. I was the #oldest #employee at... https://t.co/EdURDABLrp'

"b""So tired but I can't sleep.\n#frustration"""

"b'Sunday #Devotional: Are you caught in a circle of #anger and #frustration over the ""unfair"" circumstances of your l... https://t.co/oibxMMSDaK'"

b'RT @smceccarelli: Writing picture books feels like solving the Rubik cube with one half of the brain while trying to compose music with the...'

b'@EA Is there anything going on with those battlefield 1 servers... I always get disconnect and it says i cannot go online. #frustration'

"b'My daughter was at work yesterday so frustrated, when ""joy."" came on the overheard radio. Her work doesn\'t often pl... https://t.co/3m3xmR0DUC'"

b'@Mmokald3 Meanwhile benitez just played defense with 10 men #frustration'

"b'@PeabodyLDN just wondering how it has taken 6wks for a part that never got, 2wks for cleaners and a lift that never... https://t.co/rwPzpclzzW'"

b'RT @EamonnMallie: #pope....#frustration ...is this the story of the Popes visit so far? In Spanish there is a phrase estoy hecha una caca...'

"b'How to Hold Wants Lightly. We can avoid some pain, suffering, and frustration if we change the way we relate to our... https://t.co/yM8QR7okCk'"

"b""RT @suzta_rml: When your dreams and reality don't match.. \n#frustration \n#desperation \n#sadness"""

"b""RT @suzta_rml: When your dreams and reality don't match.. \n#frustration \n#desperation \n#sadness"""

"b""When your dreams and reality don't match.. \n#frustration \n#desperation \n#sadness"""

b'RT @EamonnMallie: #pope....#frustration ...is this the story of the Popes visit so far? In Spanish there is a phrase estoy hecha una caca...'

"b""Frustrations speak what emotions buried down under can't.\n\n#frustrated #frustration #emotion #emotions #weekends... https://t.co/8w010Co6Gg"""

b'RT @alwaysapd: . IT #techies #frustration related to #Hinjawadi has been #noticed by local #newspapers many times however #authorities are...'

"b'@sarahdal_gulls Personally I only ever say ""Here let me do that"" if said person is making a right pigs ear out of s... https://t.co/WWV1mn1hSq'"

b'It said there was 52 episodes... There was only 26... That last episode made me #swoon I want more. #frustration... https://t.co/Jj70SQz18F'

b'RT @smceccarelli: Writing picture books feels like solving the Rubik cube with one half of the brain while trying to compose music with the...'

b'RT @jmpsychotherapy: @Alexmonkpsych @Stillpoint_UK #nothingness #encounter #therapy #frustration - thank you! https://t.co/KhoHqYGqVo'

b'RT @smceccarelli: Writing picture books feels like solving the Rubik cube with one half of the brain while trying to compose music with the...'

b'RT @smceccarelli: Writing picture books feels like solving the Rubik cube with one half of the brain while trying to compose music with the...'

b'RT @EamonnMallie: #pope....#frustration ...is this the story of the Popes visit so far? In Spanish there is a phrase estoy hecha una caca...'

"b""@AbsaSouthAfrica why c an I all of a sudden to use your banking app? Very frustrating, can't log in?? #frustration"""

b'Writing picture books feels like solving the Rubik cube with one half of the brain while trying to compose music wi... https://t.co/kHytLcZCnT'

b'My @spg points have disappeared! Only @MarriottRewards points show in my account and no one has responded to an ema... https://t.co/8OeyjX1pEJ'

b'RT @EamonnMallie: #pope....#frustration ...is this the story of the Popes visit so far? In Spanish there is a phrase estoy hecha una caca...'

"b""Why would @topefnr consciously film herself making such statement.... she's the kind of person you'd use as bluepri... https://t.co/cuNwG2Q8Qx"""

"b'RT @tech_cheers: Join 9 people right now at ""Audiophile frustration"" #cheers #technology #tech #high-end-audio #electronics #highendaudio #...'"

"b'Join 9 people right now at ""Audiophile frustration"" #cheers #technology #tech #high-end-audio #electronics... https://t.co/QUy6KC8v7Q'"

b'. IT #techies #frustration related to #Hinjawadi has been #noticed by local #newspapers many times however... https://t.co/vcG5mvqLAY'

b'@AZSnakepit How many times have their been a runner on third with less than two outs and no score #frustration'

"b'RT @stokerponshock: Get those #chips, #Keely! #Prideland #snacks #food #lion #lions #frustration #bag #tough #sisters #Jordyn #cartoon #com...'"

"b'""cleaning is no way to spend yr life\nbe a lazy fucking slob like me""\n-Confucius \n#Cleaning #annoying #lazy #slob... https://t.co/loiGiuRVAv'"

"b""RT @TheBaldVegan: u used 2 have 2 be quiet in libraries. Those days are long gone &amp; never returning. There r libraries i'd like 2 go 2 but..."""

"b""u used 2 have 2 be quiet in libraries. Those days are long gone &amp; never returning. There r libraries i'd like 2 go... https://t.co/Xm3cb3HJnM"""

"b'if u ride a loud motorcycle, yr bothering ppl like me &amp; yr scaring animals. i hope u &amp; yr bike get squashed like bu... https://t.co/61p0x4dfOx'"

"b""@wutcoin @Crypto_crates @officialmcafee When people don't see the better alternative...\n\n()( \n\n#frustration #bitcoin #blockchain"""

"b'You know why I need a roomba? Because I need something else besides me, following my kids picking up the Cheerios,... https://t.co/5cJNAh0BMR'"

b'@kengurnick @Dodgers Dammit! Hes on my fantasy team! Now Im going to lose those potential points!!!! #Frustration'

"b'RT @PatrickCHebert: #Fuk #Positivity, #Fuk #Negativity, #Live in #Reality. It yields better #results.\n#Frustration &amp; #Anger bears #creati...'"

b'RT @EamonnMallie: #pope....#frustration ...is this the story of the Popes visit so far? In Spanish there is a phrase estoy hecha una caca...'

b'All frustrations are self-induced...\n\n#quotes #kindness #wisdom #poet #Poetry #motivational #inspirational... https://t.co/WpoKpqBqwN'

"b'#Fuk #Positivity, #Fuk #Negativity, #Live in #Reality. It yields better #results.\n#Frustration &amp; #Anger bears... https://t.co/NkvUmyQKiJ'"

b'RT @EamonnMallie: #pope....#frustration ...is this the story of the Popes visit so far? In Spanish there is a phrase estoy hecha una caca...'

b'RT @EamonnMallie: #pope....#frustration ...is this the story of the Popes visit so far? In Spanish there is a phrase estoy hecha una caca...'

b'RT @EamonnMallie: #pope....#frustration ...is this the story of the Popes visit so far? In Spanish there is a phrase estoy hecha una caca...'

b'RT @EamonnMallie: #pope....#frustration ...is this the story of the Popes visit so far? In Spanish there is a phrase estoy hecha una caca...'

b'RT @EamonnMallie: #pope....#frustration ...is this the story of the Popes visit so far? In Spanish there is a phrase estoy hecha una caca...'

b'RT @EamonnMallie: #pope....#frustration ...is this the story of the Popes visit so far? In Spanish there is a phrase estoy hecha una caca...'

b'RT @EamonnMallie: #pope....#frustration ...is this the story of the Popes visit so far? In Spanish there is a phrase estoy hecha una caca...'

b'#pope....#frustration ...is this the story of the Popes visit so far? In Spanish there is a phrase estoy hecha un... https://t.co/MG5EdxDVOn'

b'@RenieriArts @VanessaBeeley @2flamesburning1 @Shelaco @EvaKBartlett @Banjomarla @MoonofA @bsnews1 @MichaKobs... https://t.co/ynNiYV2pQr'

"b""RT @Goddess_Summer_: When you're locked in chastity all it takes is a few well chosen words from me to take your frustration level from zer..."""

b'RT @Jenalynm: The learning disability #LD statistics are appalling.  https://t.co/yhYCDwmfdC  Thank you @ehanford for your work.  #schoolan...'

"b'""I\'d like to have fast food lunch at 10:30 AM!"" said no one ever.\n\nBreakfast is the only meal those places are good... https://t.co/3FlW7RjUZw'"

b'Oh I wish there was a way to block all non OV films on Prime. The second time I accidentally rented a film thats o... https://t.co/596COO5Xvm'

"b""RT @Goddess_Summer_: When you're locked in chastity all it takes is a few well chosen words from me to take your frustration level from zer..."""

"b'RT @Mrgregles: Having a creative block is the worst! You think you have an idea, get excited about creating it and then it falls dead in it...'"

b'RT @Doctor_Zebi: #Frustration \nMy_Art  https://t.co/hkKjklnl03'

b'Venting frustration on traditional social media is a no-no- https://t.co/LrxUYq1mKR -  #socialnumber #frustration https://t.co/ck80hckPaw'

b'So frustrated by AirCanada. Never ever trust this airline again.\n#aircanada #worst_experienece #lowquality #frustration'

b'Biting my lip here #frustration'

"b'Having a creative block is the worst! You think you have an idea, get excited about creating it and then it falls d... https://t.co/KXgZ1UCxvI'"

"b'RT @stokerponshock: Get those #chips, #Keely! #Prideland #snacks #food #lion #lions #frustration #bag #tough #sisters #Jordyn #cartoon #com...'"

b'RT @Jenalynm: The learning disability #LD statistics are appalling.  https://t.co/yhYCDwmfdC  Thank you @ehanford for your work.  #schoolan...'

"b'#cat 1 , 1 rrv and 1 dsa , for a nose bleed , and we wonder why we struggle , call handers can deliver a baby over... https://t.co/HPIGn8M6Az'"

"b'RT @stokerponshock: Get those #chips, #Keely! #Prideland #snacks #food #lion #lions #frustration #bag #tough #sisters #Jordyn #cartoon #com...'"

b'#Frustration \nMy_Art  https://t.co/hkKjklnl03'

b'#SaturdayMorning consists of getting protools to stop freakin out on me. #frustration #keepgoing'

b'It is the state of constant #frustration and distress when #everyday we stand in front of our closets to #dress up... https://t.co/ERHrUSgnda'

b'RT @Jenalynm: The learning disability #LD statistics are appalling.  https://t.co/yhYCDwmfdC  Thank you @ehanford for your work.  #schoolan...'

"b'Can we let go of e-mail already? Few days out of office and there is some backlog  70 down, few more to go ...... https://t.co/97oi4EggWF'"

b'RT @PMalhotra1974: @xiaomi @XiaomiIndia @RedmiIndia @manukumarjain @leijun WSHUKLA SAHAB... YOU WERE LOOKING INTO IT?? I WANT MY PHONE BY T...'

b'@F1Help Why is the page automatically refreshing every 5 minutes?! #frustration'

b'The Simone Zaza bar count is now up to 19 this season...#frustration #FM18 #TheMestallaComplex'

"b""RT @KoltoAndras: @nuigalway @HealthPsychNUIG's @HC_Wolstenholme talks about how #fussyeating in #schoolchildren is associated w/ #familydyn..."""

b'@FitbitSupport Please sort out this issue you have in your app. Its been a problem all month making it impossible... https://t.co/w3ttFC1ywe'

"b""@nuigalway @HealthPsychNUIG's @HC_Wolstenholme talks about how #fussyeating in #schoolchildren is associated w/... https://t.co/PFSryjbWeW"""

b'@CatholicHerald Zero tolerance for sexual predators in the clergy should be common sense.  It shouldnt have to be... https://t.co/gk6ftnCBN9'

b'The KIND OF DAY I HAD TODAY !!\n#frustrated #frustration https://t.co/0RgR1JhwAb'

b'Argh! Need vent!!!! #frustration #frustrated https://t.co/oMgCVi9GpC'

"b'RT @Visharad09: We light the nation and our future is in dark, plZ dont let the young professionals of leading maharatna co. to suffer  &amp; f...'"

"b'@sweetdeesez @MattAgorist People are to caught up in the dem vs rep thing to think or see outside of the box, let a... https://t.co/xHfLKVxLmn'"

b'How to #Overcome #Frustration: 3 Simple but Effective Steps https://t.co/zVd5VAVsHj https://t.co/zhlM0fIJBl'

b'All frustrations are self induced\nhttps://t.co/UxIUtXXcr2\n#BehaviorPatterns #Behaviour #Control #Frustration... https://t.co/qpbHJMjgMg'

b'Should have gone to CyClub ...  Thanks nicalexander1 for sharing! \n.\n.\n.\n. Repost @_cyclingsnob  #humour #funny... https://t.co/d6gGTmSCR2'

b'PM threatens to take #legal_action against #some_media: Prime Minister Gen Prayut Chan-o-cha on Friday vented... https://t.co/IjQZdkhVNX'

b'How the f does my gf even allow this to happen? #frustration https://t.co/O1CnFyuOAk'

"b'RT @stokerponshock: Get those #chips, #Keely! #Prideland #snacks #food #lion #lions #frustration #bag #tough #sisters #Jordyn #cartoon #com...'"

"b'Get those #chips, #Keely! #Prideland #snacks #food #lion #lions #frustration #bag #tough #sisters #Jordyn #cartoon... https://t.co/NJwilG5wDs'"

"b'Reduce #frustration of a long #sales cycle by understanding your prospects needs and #goals, and creating #value.... https://t.co/0Xitn4w6NY'"

b'just punched the wall haha #frustration'

b'@GovMikeHuckabee @PressSec The first WH briefing in the Trump era to make any sense at all.\nGod Bless @PressSec the... https://t.co/Y5EdTycH4B'

b'Every single minute an enormous amount of #stress and #frustration is generated #globally as people have  to use po... https://t.co/F6hyrIluY2'

b'#Frustration is the #sweat of #learning.'

b'Turning #frustration and #impatience into #funny\nhttps://t.co/zrfHK2e5Pu\n#knitting'

b'Our #frustration is greater when we have much and want more than when we have nothing and want some...'

"b""When passwords you know are simple aren't cracking...\n#frustration"""

b'Freestyle out now tap n \nYouTube #DEODASAVAGE\ndjgoonie #wshh #watts #compton #freestyle #friday #motivated #by... https://t.co/nejEt7x1cd'

"b'""... #moralinjury arises from the ethical #frustration of being unable to achieve what most #doctors entered the pr... https://t.co/VRhS4t1uPM'"

"b""RT @GETAnalysis: It's disturbing that every disgruntled, or mentally disturbed person around the #World, now vents their #frustration by #a..."""

"b""My passion did not wake me up today. It kept me up. Can't wait any longer. Wanna go for a shoot out already. #Frustration #Obsession"""

b'@BlakeYorloff @cyorloff Be a good boy Blake and Ill take you back to the courts soon for a vacation on your butt #KatyHoopSesh #Frustration'

b'@AdditionElle I find your website so frustrating.i have tried the past hour to order items. I gave up #frustration... https://t.co/G4A36tbjq8'

b'Why does the @childrensplace (CANADA) never seem to work when I go to it? #CustomerService #frustration'

b'There are 6 people working at the pharmacy. Why does it take 20 minutes to get my prescription filled? #frustration #oldworld'

"b""I #reached what's probably the Chapter 7 #boss in #CrossingSouls but its pretty much #impossible to #BeatIt with... https://t.co/l6yyWGenlb"""

"b'most of the time - at most, with some hand-holding to get me to the point of #enlightenment on a complex UI or prec... https://t.co/XFL11k4drI'"

"b""RT @Goddess_Summer_: When you're locked in chastity all it takes is a few well chosen words from me to take your frustration level from zer..."""

"b""When you're locked in chastity all it takes is a few well chosen words from me to take your frustration level from... https://t.co/VqZDAII9yf"""

b'RT @FlysJoint: #gamedev somewhat delayed this evening due to the daughter taking 2 hours (and counting) to eat 2 sodding sausages! #paren...'

b'#gamedev somewhat delayed this evening due to the daughter taking 2 hours (and counting) to eat 2 sodding sausages!... https://t.co/zQ9v9b4wee'

b'RT @ThePrincessKali: I would like to be in one of those places where you get to throw shit around to break things. Like smashing plates in...'

"b""RT @GETAnalysis: It's disturbing that every disgruntled, or mentally disturbed person around the #World, now vents their #frustration by #a..."""

"b""Trying to help Child 1 unsuspend a twitter account - all the 'parental consent' documentation was sent on 19th Augu... https://t.co/5mGtraeOqe"""

b'Another USB charging cord down the tubes!  Grrrrr!  #frustration #apple #ipad #USB'

b'I would like to be in one of those places where you get to throw shit around to break things. Like smashing plates... https://t.co/IvhDJAkkbq'

"b""Though I don't love harsh tweets (reading or writing them), it's clear now that people did not listen to polite war... https://t.co/9u46i4pY7u"""

"b""@shopDisney can u please fix the disney store .co.uk so I can check out. My order cannot be submitted and haven't h... https://t.co/0DT6GhatT8"""

b'@DuanCulo @britishandrea @MASTERCHEFonFOX I think its her #frustration with always being shutdown and being right... https://t.co/47stqTU2t9'

b'@KatkinKing Urgh!! #frustration'

b'Love seeing my Chastity College boy doing gardening.   He is so pretty I made out with him before I sent him to the gardens.  #Frustration'

"b""Oh My Dayzzzzz I can't get enough of this video! Too funny!  ROTFL!!! \nRepost from lasisielenu\nZaddy Palava... https://t.co/7zRf65C9AP"""

b'RT @22_Minutes: Is it the weekend yet?\n\n#overit #currentevents #frustration #sendhelp #nottoday #whythough #22minutes https://t.co/YM8eblLZ...'

"b""I have been trying to get this fan to come apart off and on all morning. I want to clean it. It's obviously filthy.... https://t.co/wRqguueD1L"""

b'Very frustrating and unprofessional behaviour of @raksha #tpa #Faridabad. They make your life hell. #madiclaim... https://t.co/ybxHauBbuV'

b'What is the point of submitting a resume if I have to tell you again my work history? #frustration #jobsearch'

"b""the whole concept of relationships is flawed. It's only natural we hate each other. We'll all get on each others ne... https://t.co/wym8iJtVVy"""

"b'Dissecting the word ""#delight"" throughout the workshop today with @jmspool and how to avoid ""#frustration"".'"

"b""I don't want to talk to, or listen to, at least 99% of ppl\n#shutup #annoying #frustrated #frustration #antinatalism... https://t.co/QCb10XKExC"""

"b""From #Cornell Grad @innermammal How to Manage #Frustration &amp; Enjoy Your Brain's Chemistry! https://t.co/TTddPuTOnu... https://t.co/hmPhRa6da5"""

"b""RT @CherylJoyFish: @Karen_E_Bender Just wish the pile wasn't called #slush. #amwriting  #amquerying #frustration"""

b'Waiting to get into @CamperCalling worse than the M25 this \n\n#campercalling #Traffic #bored #frustration https://t.co/D1vLdi1bNe'

b'#Please stand.up and take charge of your #DOJ and work with our# President #Trump Two years of #frustration for the... https://t.co/b87RRhzK3e'

"b'How to Hold Wants Lightly. We can avoid some pain, suffering, and frustration if we change the way we relate to our... https://t.co/g1c9Mugmp5'"

b'I wake up at 5 so I can have quiet time to study for #BoardCertTest. 2 of my sons decided to wake up at 5:15 today... https://t.co/rVqcnSiZXu'

"b""The #Catholic church must be 'persuaded' to accept + respect wordly rule of #law. The shielding of #criminals withi... https://t.co/tTLavR52W8"""

"b""Why does the alarm clock always go off just when you've hit the best bit of sleep and the most interesting part of the dream? \n#frustration"""

"b'Me waiting for therapy + medication to ""heal"" my depression... #frustration #mentalhealth \n\npic from Skellie IG. https://t.co/kZe8Z1QpgA'"

"b'There needs to be some serious re-evaluation in the United States the way I see it, Im told and reminded how bad a... https://t.co/P7D6pOFpcR'"

b'@amazon @AmazonNews_IN\nI booked the mobile on 19th Aug under prepaid mode which was supposed to be delivered on 21s... https://t.co/h4zx0c6jYu'

"b""I'm super #grateful to have another #outlet to deal with my #stress and #frustration . #meditation and #painting is... https://t.co/vnPAzoHly0"""

b'The learning disability #LD statistics are appalling.  https://t.co/yhYCDwmfdC  Thank you @ehanford for your work.... https://t.co/M94NXATW5t'

b'Compassion Denied by @dmastromatteo1 .... these are my words.... #anger #frustration over being denied... https://t.co/2oRU4dVNaR'

b'Thinking of switching from @TMobile to another carrier. #ThursdayThought   #frustration'

"b""@Karen_E_Bender Just wish the pile wasn't called #slush. #amwriting  #amquerying #frustration"""

b'RT @daily_toki: 235. Wail\n\n#dailytoki #toki #cry #can #soda #broken #frustration https://t.co/yx1DZNhOfv'

"b'RT @AutumnFaraday: I simply CANNOT get started writing!!  I know what I need to do, but the brain seized up and I cant start. Its a littl...'"

"b'I simply CANNOT get started writing!!  I know what I need to do, but the brain seized up and I cant start. Its a... https://t.co/XQJ3KWHGoo'"

b'FFS. Send very loud music and cider asap. #frustration #Aspergers #overwhelmed'

"b""In the pursuit of #personalgrowth while trying to understand n win over one's #flaws, the struggle with being menta... https://t.co/akPMxF6QWr"""

b'Holy hell @TDBank_US sucks so badly. Bunch of #morons. None of them know WtF they are doing &amp; you #frustration #banking #tdsucks'

b'RT @daily_toki: 235. Wail\n\n#dailytoki #toki #cry #can #soda #broken #frustration https://t.co/yx1DZNhOfv'

"b""I am an #EU citizen in #Dusseldorf and having a real 'awesome' time trying to get #FreeMovement rights recognized f... https://t.co/qleFx1im2C"""

"b'$CVSI Tried riding the trend and bought today $7.55 at the open, then it dropped. I had a stop set but due to this... https://t.co/P8sUSM209c'"

"b""@lorenacupcake Hi Ms. Cupcake! I enjoy your articles on @thefader. I'd like you to check out @trustBS's #new #music... https://t.co/LXsyh2SCcQ"""

b'@xiaomi @XiaomiIndia @RedmiIndia @manukumarjain @leijun WSHUKLA SAHAB... YOU WERE LOOKING INTO IT?? I WANT MY PHONE... https://t.co/mBxHPbQ851'

"b""@bendy_L What's good sir? I enjoy your articles on @thefader. I'd like you to check out @trustBS's #new #music vide... https://t.co/weiucbRgcA"""

"b""RT @JustACopper999: It's easy to judge what you have no idea about. \n\n#999family\n#policefamily\n#thinblueline\n#frustration \n#putyourselvesin..."""

b'RT @craigmstudio: Waiting 4 Pro Tools 2 load is like watching paint dry\n#frustration\n#avid\n#protools\nhttps://t.co/9am5JNFPAx\n#HomeRecording'

"b""RT @JustACopper999: It's easy to judge what you have no idea about. \n\n#999family\n#policefamily\n#thinblueline\n#frustration \n#putyourselvesin..."""

"b""RT @JustACopper999: It's easy to judge what you have no idea about. \n\n#999family\n#policefamily\n#thinblueline\n#frustration \n#putyourselvesin..."""

b'RT @daily_toki: 235. Wail\n\n#dailytoki #toki #cry #can #soda #broken #frustration https://t.co/yx1DZNhOfv'

"b'More responsibilities, and no raise ? Yea thats cool.. .  #frustration'"

b'On frustration.\n\n\n\n#elizabethgilbert #bigmagic #frustration #truth #honesty #creativity #creative... https://t.co/TVFxuylK2b'

b'@spgassist @spg @MarriottRewards @Marriott where are my points?? Where are my room upgrades for being a platinum me... https://t.co/io4ylX0MRQ'

b'You can google whole sentences with very reasonable results.\nBut combining two hashtags on the instagram-search is... https://t.co/Flmiqw4TwN'

b'235. Wail\n\n#dailytoki #toki #cry #can #soda #broken #frustration https://t.co/yx1DZNhOfv'

b'#Nikon had one job and failed.\nA full frame mirror less camera at last but cant understand for the life of me why... https://t.co/P0Ptssl3k0'

b'$10.4million on #income #rates/charges; $10.8million on #employee #costs; $18.9million on income from #Capital... https://t.co/bDOJSoclKn'

"b""It's easy to judge what you have no idea about. \n\n#999family\n#policefamily\n#thinblueline\n#frustration... https://t.co/XVEC6Imtsh"""

b'#MercuryRetrograde even in shadow is working its magic on my Internet #Trading Platform...Oh baby...#Frustration Ci... https://t.co/L9DbZuaBPX'

"b""@eagleradio I still don't understand when the person calls in before they go live to ask if they have checked the w... https://t.co/LpPrHiZMY1"""

"b'TRAP AFTER 1 DAY, ME AND CAT HATE YELLOW JACKETS \n\n#yellowjackets #cathatesyellowjackets #frustration #trap... https://t.co/XH0roUthNb'"

"b'#Boredom can mask a lot of other expressions including #frustration, indifference, and even depression.... https://t.co/bY4Iba75N0'"

b'#stress #frustration #business #growth\nReduce the stress and pain\n\nhttps://t.co/PN5QFsCIAb\nhttps://t.co/p77mCDEknY'

"b""We've been thankfully having a bit of cool, but that doesn't mean tempers always match that. Check out this blog ab... https://t.co/GLRqunDLeV"""

"b""We've been thankfully having a bit of cool, but that doesn't mean tempers always match that. Check out this blog ab... https://t.co/Mu4GREG2Lh"""

b'Love this @lisacongdon design to #illustrate the trials &amp; tribulations of self employment #motivation #discipline... https://t.co/TM3nAEsmiz'

"b'Save #time #money , avoid #frustration #aggrevation DONT SHOP @SEARS !!! @custservstory @SearsHoldings @searscares... https://t.co/1CSOuX5SPZ'"

b'Who decided to give pens the ability to choose when they would and wouldnt work?\n#frustration #writerproblems... https://t.co/7fTR4dPUT1'

b'There have been more bumps in the road during this move than I can count   Not having control in this situ... https://t.co/FuNKVR7NqB'

b'Not quite finished this #glutenfree #nutfree #cake topper but I need to walk away....I will finish it tomorrow....... https://t.co/YwE9AGWW76'

"b""I just want to paint! Why won't my pen tablet let me do my job?!\n#frustration #artistlife #technologyhatesme"""

"b""#NewMusic: This track is #dope! Peep the cool new music video for the homie @trustBS's latest joint: #Frustration p... https://t.co/mGwcEsrH8Q"""

b'RT @lasisielenu: When A Small Girl Decides To Leave A Big God. My Reaction When She Decides To Leave...... To Be Continued....... Tag Them...'

"b'Learn 2 care 4 UR inner #Universe.\nEvery #time someone or something is able 2 #TRIGGER UR #anger &amp; #frustration, UR... https://t.co/VXyqzQRQTa'"

b'This is life and its dope. So relatable. Thank you @serenawilliams. A reminder today and going forward.... https://t.co/ySTec0jGQz'

"b'Some Japanese animes are great, but I am so tired of watching a 25-min episode and most of it is drawn-out, nonsens... https://t.co/G2lPmasvWS'"

"b'@Office365 Wasting time w unresponsive, incomprehensible tech support. #microsoft #exercise #in #frustration... https://t.co/ZmRyY2wdJL'"

b'@Microsoft @Office One hour of chatting w a clueless tech from Microsoft Office 365 at 866 425 1856. No help. Absol... https://t.co/YOr09VaylI'

b'@Office 48 minutes without any assistance from Ken. Who hardly speaks English #clueless #nohelp #frustration... https://t.co/M0q27G6Qkn'

b'#IHaveAHardTimeAccepting cancellations the day before a shoot\n\n#Documentary #Filmmaking #frustration \n\nGif via... https://t.co/UzC9IeuG0j'

b'Thanks @CSCarrigan for the Retweet  Oh and you might want to check out this video if you know a #Woman who suffers... https://t.co/PoGiJ4eyvv'

b'RT @craigmstudio: Waiting 4 Pro Tools 2 load is like watching paint dry\n#frustration\n#avid\n#protools\nhttps://t.co/9am5JNFPAx\n#HomeRecording'

b'Todays mood. #mood #anger #frustration https://t.co/iQwfwRrq24'

"b""Aligner doesn't fit, tried booking a video with Dr,  took 1 month of emails! Then no one showed up to the call! Ter... https://t.co/0oEL5yeEFU"""

b'Victim to the spreadsheet bug? Find out how Spreadsheets are creating havoc for construction projects and the innov... https://t.co/iWR7GZZ9le'

"b""RT @22_Minutes: There's a lot to be angry about.\n\n#yoga #endoftheworld #angryyoga #yogainspiration #frustration #yogalove #yogalife #wellne..."""

b'When you do things expecting the result or the #outcome to be right away or to be exactly as you want can lead to a... https://t.co/zymDRZ05e7'

b'I am on a relatively simple train journey Birmingham to London but the wi-fi is either very slow or not working. I... https://t.co/ehPWBGPxGa'

b'Hitting me hard trying to log into my email accounts. Any suggestions on what to do cuz I really cant get in. Tried... https://t.co/JCOEtMGJdy'

"b""this is my 10,000th tweet, &amp; i'll celebrate by taking a dump &amp; wiping my ass for the billionth time\n#frustrated... https://t.co/JF5xv7C0rW"""

"b'@kanyewest How I wish I could cop this pair effortlessly.  I love your shoe creations, but buying your Yeezy shoes... https://t.co/fFpJlfi963'"

"b""@DewsNewz @joerogan @ShooterJennings It is hard to understand what Rogan doesn't want to have a real conversation a... https://t.co/SavYhkKZfG"""

b'How to #Overcome #Frustration: 3 Simple but Effective Steps https://t.co/zVd5VAVsHj https://t.co/8LmlL2ZMxL'

b'@Channel4News The big issue with this interview is that it feels like Jeremy thinks hes in a position to negotiate... https://t.co/E6nIgYNgJz'

b'RT @dontpayallus: Transforming A Private #Frustration Into An Easy #Treatment\nhttps://t.co/Gx5SaIRScw https://t.co/IISHIUTQg5'

b'Transforming A Private #Frustration Into An Easy #Treatment\nhttps://t.co/DNcHMKPSTx https://t.co/pEid0ZjeUx'

b'Transforming A Private #Frustration Into An Easy #Treatment\nhttps://t.co/Gx5SaIRScw https://t.co/IISHIUTQg5'

b'When your a Shift Manager...employees can make you soooooo ..... #managerlife #work #frustration https://t.co/rPgbyJqZMl'

"b'How to Hold Wants Lightly. We can avoid some pain, suffering, and frustration if we change the way we relate to our... https://t.co/CPpWPhOASx'"

"b'How confident are you in resolving difficulties with colleagues? In this article, I speak on how to approach diffic... https://t.co/ZhhnEltQdl'"

b'@JamesScullin @zinoviev1 @InsidersABC @barriecassidy The leader is key to new policies and party direction. I perso... https://t.co/jDkiMm4Drh'

b'RT @AinsleyOtten: How can you say the #marines were not needed and you had enough searchers if this was not part of the initial 5 days?\nSou...'

b'RT @AinsleyOtten: How can you say the #marines were not needed and you had enough searchers if this was not part of the initial 5 days?\nSou...'

b'RT @DJBEATS33: At least nobody can give you bad advice? #alvinandthechipmunks #alvin #simon #theodore #seville #dave #brittany #jeanette #e...'

b'RT @DJBEATS33: At least nobody can give you bad advice? #alvinandthechipmunks #alvin #simon #theodore #seville #dave #brittany #jeanette #e...'

b'At least nobody can give you bad advice? #alvinandthechipmunks #alvin #simon #theodore #seville #dave #brittany... https://t.co/oNfoFqL8zs'

b'RT @ConsumerBobNBC: Jan and Bill love to go on cruises. But when Bill collapsed and went to the hospital the couple spent a year sailing th...'

b'RT @ConsumerBobNBC: Jan and Bill love to go on cruises. But when Bill collapsed and went to the hospital the couple spent a year sailing th...'

b'Not sure what mood this is but it describes how Im feeling today. #emotional  #emotion #anger  #sadness #longing... https://t.co/BavdgSM2e6'

b'Jan and Bill love to go on cruises. But when Bill collapsed and went to the hospital the couple spent a year sailin... https://t.co/8Wp9GVyrvm'

b'Defeat &amp; frustration tonight \nMuch largely down to 1 decision which led to a ridicolous situation.\nNot taking nothi... https://t.co/mWjMWzAM2A'

b'When frustrated and weary take time to accept that there is no such thing as an insurmountable mountain...You mere... https://t.co/sDYgYRaP8z'

b'I laugh at my demons and then go break stuff. Dealing with your feelings and then doing the right thing is hard ... https://t.co/UyNZY2kqLW'

"b'Lifelines. When knitting lace, I need to use lifelines. I just unknit 40 rows of lace. Sigh. #knitting #laceknitting #frustration'"

b'RT @RtRisutiwari: @risutiwariRt @devyanidilli @ShekharGupta @vibhor_anand @mygovindia @BJP4India U rCrossing ur Lines Since142@aajtak@ti...'

b'One No Ball Can Extend  1 Whole Day #Rediculous #Frustration #ENGvIND'

"b""When you get managed to out cook early but now you can't get out adil Rashid.\n#EngvInd #frustration"""

b'I can not describe how frustrating it is playing Top Trumps with a little one that doesnt know her numbers. Im a... https://t.co/rh07fwYoJj'

"b'Bad #design for seat assignments on @united. They need a #UX consultant on communication, assignment &amp; fairness.... https://t.co/PtzKbdnXXb'"

b'@rabbijosh Yessss thank you #frustration'

"b""@trustbs likes to break stuff when he gets mad. I'm a little jealous I didn't get to make it to this shoot, breakin... https://t.co/BcVbcOfLj6"""

b'Sometimes I feel like the chillest angry dude in the world. Caution: contents under pressure \n\n\n\n#frustration... https://t.co/Av4daRBs41'

"b""#frustration  trying to call different societies for advise on Asperger's son. Sit waiting for 0800 or 0808 numbers... https://t.co/2y4cvy6WuI"""

"b'""Good morning dear,  (2 parts) \n(Not so) funny story about what I thought about this song in 2013 , relating to can... https://t.co/gDMjixdrN4'"

b'@SaysHummingbird @theGOPstoppers It looks like we are stuck with this Administration until at least January 2021. #frustration sad'

"b'He may hide out amongst the community, but Obstacles is always lurking, ready to discourage your every attempt at s... https://t.co/s8FjxHpjbG'"

"b""Includes 'Little Meerkat's Big Panic' (about #anxiety and calm) and 'Crabby' (about #anger, #tantrums and... https://t.co/Z8A7J66Q4x"""

b'How to Prevent #Frustration as You Learn to #Play the #Guitar online on #InspiringMeMe.com at https://t.co/0wMsM8qOxj'

b'How to Prevent #Frustration as You Learn to #Play the #Guitar online on #InspiringMeMe.com at https://t.co/4ykEHCEHgv'

b'RT @RtRisutiwari: @risutiwariRt @devyanidilli @ShekharGupta @vibhor_anand @mygovindia @BJP4India U rCrossing ur Lines Since142@aajtak@ti...'

b'RT @RtRisutiwari: @risutiwariRt @devyanidilli @ShekharGupta @vibhor_anand @mygovindia @BJP4India U rCrossing ur Lines Since142@aajtak@ti...'

b'@risutiwariRt @devyanidilli @ShekharGupta @vibhor_anand @mygovindia @BJP4India U rCrossing ur Lines Since142... https://t.co/2J8ZIVFgU7'

"b'RT @tuyolivier: Deplorable service!  6 tellers, only one open. And more than 30 people on the line!!! #frustration @BankofKigali @TheServi...'"

"b""So I order an item @FragranceShopUK 6 days ago for C&amp;C and it's still not in-store for collection. What's going on... https://t.co/JHS71PHiJ2"""

b'Anyone else struggling with #vodafone broadband? I cant even get it installed!! #frustration #giveuptomorrow '

"b'RT @denisemcauleySM: Crazy obstacles on that route,parked cars and advert signage! #frustration https://t.co/bKyPbNxstI'"

b'@trustbs and I are coming! #frustration #satan #lol #hiphop #atlanta #newyork #newjersey #wednesday #820 #newmusic... https://t.co/F3cKO1TlpF'

"b""RT @DanicaMinax: It's so frustrating and maddening when you are in the middle of a scene and there's two ways it can go. You think about fo..."""

b'Finding a CPA entrepreneur is like finding a unicorn. Why is it so hard? get out of billable/non-billable world and... https://t.co/lXp8uBmDkn'

b'50% off sale at @Vistaprint not really a valid sale when the website wont let us load our design  \n#frustration #fail #psyche'

"b'RT @mabycraft: Part 2, students must rebuild another groups LEGO sculpture from their blueprint. #design #cad #engineering #kispride #frus...'"

"b""RT @ShayneEdson: A video I did re coping with frustration. It's 2:42 in length. Too long for Twitter. It's on my IG TV though if you are on..."""

b'@ttnatsecurity @TTPoliceService I understand you guys fighting crime etc but its been over 5 yrs and still no grat... https://t.co/snv9ZlLAXt'

"b'After 3 weeks at this point of trying to keep my right leg strong and underneath me, it would be REALLY NICE IF SOM... https://t.co/xOtD3EQMFR'"

"b'Fuck me another challenge #DeliAliChallenge these are just a must you have to try, I look ridiculous &amp; its possibl... https://t.co/aT59Ur1UTR'"

"b'To conquer frustration, one must remain intensely focused on the outcome, not the obstacles. T.F. Hodge, From Wit... https://t.co/WqTOepWMAA'"

b'Carvana website is so difficult to use! #frustration #thisshouldbeeasier'

"b'RT @tuyolivier: Deplorable service!  6 tellers, only one open. And more than 30 people on the line!!! #frustration @BankofKigali @TheServi...'"
